Trade_ID,Descr,AssetClass,Asset,FirstDate,LastDate,TradeEntry,TradeExit,USD_Notional,Num_Lots,Total PnL
3c09_WN1Com_1,US ULTRA BOND CBT,fi-us,WN1 Comdty,2010-01-14,2010-01-15,95.0625,96.75,0.0,0.0,232875.0
3c09_NQ1Ind_1,NASDAQ 100 E-MINI,eq-us,NQ1 Index,2010-01-25,2010-01-29,3453.25,3436.25,53571875.0,775.0,-297655.0
3c09_WN1Com_2,US ULTRA BOND CBT,fi-us,WN1 Comdty,2010-01-28,2010-01-29,98.0625,98.375,42916093.75,436.0,115312.5
3c09_NQ1Ind_2,NASDAQ 100 E-MINI,eq-us,NQ1 Index,2010-02-01,2010-02-03,3398.5,3427.5,52024825.0,757.0,436740.0
3c09_WN1Com_3,US ULTRA BOND CBT,fi-us,WN1 Comdty,2010-02-04,2010-02-05,97.34375,98.5625,39201601.5625,404.0,358312.5
3c09_NQ1Ind_3,NASDAQ 100 E-MINI,eq-us,NQ1 Index,2010-02-09,2010-02-12,3392.5,3431.75,48044880.0,708.0,571115.0
3c09_WN1Com_4,US ULTRA BOND CBT,fi-us,WN1 Comdty,2010-02-11,2010-02-12,98.03125,96.84375,35681953.125,368.0,-357437.5
3c09_WN1Com_5,US ULTRA BOND CBT,fi-us,WN1 Comdty,2010-02-16,2010-02-17,97.15625,96.4375,37526953.125,388.0,-230718.75
3c09_WN1Com_6,US ULTRA BOND CBT,fi-us,WN1 Comdty,2010-02-19,2010-02-22,96.4375,95.46875,37594218.75,396.0,-300312.5
3c09_NQ1Ind_4,NASDAQ 100 E-MINI,eq-us,NQ1 Index,2010-02-26,2010-03-01,3471.5,3479.75,59648960.0,859.0,146355.0
3c09_WN1Com_7,US ULTRA BOND CBT,fi-us,WN1 Comdty,2010-03-04,2010-03-05,98.34375,98.90625,40482421.875,411.0,190125.0
3c09_WN1Com_8,US ULTRA BOND CBT,fi-us,WN1 Comdty,2010-03-10,2010-03-11,96.46875,96.40625,40233164.0625,416.0,-21625.0
3c09_NQ1Ind_5,NASDAQ 100 E-MINI,eq-us,NQ1 Index,2010-03-16,2010-03-17,3578.25,3589.75,76717680.0,1072.0,253230.0
3c09_WN1Com_9,US ULTRA BOND CBT,fi-us,WN1 Comdty,2010-03-25,2010-03-26,96.09375,95.625,40252343.75,419.0,-156562.5
3c09_WN1Com_10,US ULTRA BOND CBT,fi-us,WN1 Comdty,2010-04-06,2010-04-07,94.375,94.15625,42092968.75,448.0,-80937.5
3c09_NQ1Ind_6,NASDAQ 100 E-MINI,eq-us,NQ1 Index,2010-04-14,2010-04-15,3671.0,3687.25,112805000.0,1540.0,457600.0
3c09_WN1Com_11,US ULTRA BOND CBT,fi-us,WN1 Comdty,2010-04-27,2010-04-28,97.875,99.25,46053984.375,472.0,444125.0
3c09_NQ1Ind_7,NASDAQ 100 E-MINI,eq-us,NQ1 Index,2010-05-07,2010-05-11,3545.25,3601.0,38239355.0,539.0,598160.0
3c09_WN1Com_12,US ULTRA BOND CBT,fi-us,WN1 Comdty,2010-05-12,2010-05-13,103.09375,101.5,23625312.5,230.0,-298031.25
3c09_NQ1Ind_8,NASDAQ 100 E-MINI,eq-us,NQ1 Index,2010-05-19,2010-05-25,3547.5,3471.0,32724085.0,461.0,-731385.0
3c09_NQ1Ind_9,NASDAQ 100 E-MINI,eq-us,NQ1 Index,2010-06-09,2010-06-14,3455.75,3511.25,29900815.0,433.0,491640.0
3c09_WN1Com_13,US ULTRA BOND CBT,fi-us,WN1 Comdty,2010-06-17,2010-06-18,108.375,109.3125,26660390.625,248.0,186562.5
3c09_NQ1Ind_10,NASDAQ 100 E-MINI,eq-us,NQ1 Index,2010-06-24,2010-06-30,3533.0,3427.0,37560285.0,531.0,-1192780.0
3c09_NQ1Ind_11,NASDAQ 100 E-MINI,eq-us,NQ1 Index,2010-07-01,2010-07-08,3399.25,3451.5,34681240.0,506.0,580445.0
3c09_WN1Com_14,US ULTRA BOND CBT,fi-us,WN1 Comdty,2010-07-12,2010-07-13,111.28125,111.25,34338789.0625,309.0,-7968.75
3c09_WN1Com_15,US ULTRA BOND CBT,fi-us,WN1 Comdty,2010-07-14,2010-07-15,110.0,111.78125,35321875.0,318.0,447093.75
3c09_NQ1Ind_12,NASDAQ 100 E-MINI,eq-us,NQ1 Index,2010-07-19,2010-07-21,3463.5,3502.75,37907100.0,547.0,443525.0
3c09_WN1Com_16,US ULTRA BOND CBT,fi-us,WN1 Comdty,2010-07-27,2010-07-28,111.28125,110.5625,37747265.625,338.0,-191906.25
3c09_NQ1Ind_13,NASDAQ 100 E-MINI,eq-us,NQ1 Index,2010-08-02,2010-08-03,3531.75,3556.75,44700170.0,634.0,312000.0
3c09_NQ1Ind_14,NASDAQ 100 E-MINI,eq-us,NQ1 Index,2010-08-13,2010-08-18,3493.0,3503.0,43837540.0,628.0,137230.0
3c09_NQ1Ind_15,NASDAQ 100 E-MINI,eq-us,NQ1 Index,2010-08-23,2010-08-27,3487.75,3429.0,50583250.0,725.0,-865785.0
3c09_WN1Com_17,US ULTRA BOND CBT,fi-us,WN1 Comdty,2010-09-07,2010-09-08,118.40625,120.9375,26001250.0,220.0,432843.75
3c09_WN1Com_18,US ULTRA BOND CBT,fi-us,WN1 Comdty,2010-09-13,2010-09-14,116.4375,116.75,24973593.75,215.0,55312.5
3c09_WN1Com_19,US ULTRA BOND CBT,fi-us,WN1 Comdty,2010-09-20,2010-09-21,116.375,116.40625,27164531.25,235.0,6000.0
3c09_NQ1Ind_16,NASDAQ 100 E-MINI,eq-us,NQ1 Index,2010-09-22,2010-09-27,3651.0,3684.25,59219220.0,811.0,568975.0
3c09_WN1Com_20,US ULTRA BOND CBT,fi-us,WN1 Comdty,2010-10-12,2010-10-13,119.65625,117.8125,36279140.625,304.0,-453562.5
3c09_WN1Com_21,US ULTRA BOND CBT,fi-us,WN1 Comdty,2010-10-14,2010-10-15,117.84375,115.96875,37110937.5,315.0,-466875.0
3c09_WN1Com_22,US ULTRA BOND CBT,fi-us,WN1 Comdty,2010-10-18,2010-10-19,114.59375,115.03125,34935585.9375,301.0,102375.0
3c09_NQ1Ind_17,NASDAQ 100 E-MINI,eq-us,NQ1 Index,2010-10-21,2010-10-26,3750.5,3774.75,64787040.0,864.0,429450.0
3c09_WN1Com_23,US ULTRA BOND CBT,fi-us,WN1 Comdty,2010-10-25,2010-10-26,115.71875,116.125,37362773.4375,324.0,107250.0
3c09_WN1Com_24,US ULTRA BOND CBT,fi-us,WN1 Comdty,2010-10-29,2010-11-01,113.09375,113.875,37692890.625,334.0,204687.5
3c09_WN1Com_25,US ULTRA BOND CBT,fi-us,WN1 Comdty,2010-11-08,2010-11-09,112.53125,112.65625,32842265.625,292.0,30125.0
3c09_WN1Com_26,US ULTRA BOND CBT,fi-us,WN1 Comdty,2010-11-10,2010-11-11,109.84375,109.65625,32529492.1875,289.0,-44437.5
3c09_NQ1Ind_18,NASDAQ 100 E-MINI,eq-us,NQ1 Index,2010-11-24,2010-11-26,3782.75,3822.0,56994570.0,753.0,552640.0
3c09_NQ1Ind_19,NASDAQ 100 E-MINI,eq-us,NQ1 Index,2010-12-01,2010-12-02,3780.5,3824.5,54316700.0,718.0,586960.0
3c09_WN1Com_27,US ULTRA BOND CBT,fi-us,WN1 Comdty,2010-12-06,2010-12-07,108.78125,109.375,28592148.4375,264.0,124687.5
3c09_WN1Com_28,US ULTRA BOND CBT,fi-us,WN1 Comdty,2010-12-17,2010-12-20,103.84375,106.125,26409765.625,256.0,410625.0
3c09_NQ1Ind_20,NASDAQ 100 E-MINI,eq-us,NQ1 Index,2011-01-03,2011-01-04,3887.25,3917.0,86751805.0,1117.0,588455.0
3c09_WN1Com_29,US ULTRA BOND CBT,fi-us,WN1 Comdty,2011-01-06,2011-01-07,104.03125,104.65625,25174531.25,242.0,124375.0
3c09_WN1Com_30,US ULTRA BOND CBT,fi-us,WN1 Comdty,2011-01-13,2011-01-14,104.03125,105.0625,29164218.75,279.0,236156.25
3c09_WN1Com_31,US ULTRA BOND CBT,fi-us,WN1 Comdty,2011-02-03,2011-02-04,102.75,102.21875,32099609.375,312.0,-137062.5
3c09_WN1Com_32,US ULTRA BOND CBT,fi-us,WN1 Comdty,2011-02-07,2011-02-08,101.09375,101.34375,32965546.875,322.0,66000.0
3c09_WN1Com_33,US ULTRA BOND CBT,fi-us,WN1 Comdty,2011-02-09,2011-02-10,100.21875,101.3125,34203515.625,338.0,288750.0
3c09_NQ1Ind_21,NASDAQ 100 E-MINI,eq-us,NQ1 Index,2011-02-16,2011-02-17,4048.5,4059.25,74254075.0,917.0,202960.0
3c09_NQ1Ind_22,NASDAQ 100 E-MINI,eq-us,NQ1 Index,2011-02-25,2011-02-28,3977.25,4012.5,53271700.0,670.0,449085.0
3c09_NQ1Ind_23,NASDAQ 100 E-MINI,eq-us,NQ1 Index,2011-03-17,2011-03-22,3878.5,3925.75,45372600.0,585.0,569770.0
3c09_WN1Com_34,US ULTRA BOND CBT,fi-us,WN1 Comdty,2011-03-22,2011-03-23,106.6875,107.03125,44124609.375,412.0,117218.75
3c09_WN1Com_35,US ULTRA BOND CBT,fi-us,WN1 Comdty,2011-03-24,2011-03-25,106.9375,106.03125,46959960.9375,439.0,-324437.5
3c09_WN1Com_36,US ULTRA BOND CBT,fi-us,WN1 Comdty,2011-03-28,2011-03-29,105.75,106.09375,47846601.5625,451.0,128218.75
3c09_NQ1Ind_24,NASDAQ 100 E-MINI,eq-us,NQ1 Index,2011-04-04,2011-04-08,4006.75,3998.5,53627040.0,669.0,-111930.0
3c09_WN1Com_37,US ULTRA BOND CBT,fi-us,WN1 Comdty,2011-04-07,2011-04-08,104.28125,103.75,50882812.5,488.0,-210375.0
3c09_WN1Com_38,US ULTRA BOND CBT,fi-us,WN1 Comdty,2011-04-11,2011-04-12,103.1875,103.09375,53042187.5,511.0,-39656.25
3c09_NQ1Ind_25,NASDAQ 100 E-MINI,eq-us,NQ1 Index,2011-04-13,2011-04-19,3961.75,3958.5,62845250.0,793.0,-66190.0
3c09_WN1Com_39,US ULTRA BOND CBT,fi-us,WN1 Comdty,2011-04-25,2011-04-26,106.71875,107.09375,56727539.0625,531.0,165000.0
3c09_NQ1Ind_26,NASDAQ 100 E-MINI,eq-us,NQ1 Index,2011-05-03,2011-05-09,4072.25,4047.5,70591140.0,867.0,-433640.0
3c09_WN1Com_40,US ULTRA BOND CBT,fi-us,WN1 Comdty,2011-05-11,2011-05-12,109.5,110.5,60928593.75,555.0,446000.0
3c09_NQ1Ind_27,NASDAQ 100 E-MINI,eq-us,NQ1 Index,2011-05-18,2011-05-19,4010.75,4031.5,64188135.0,801.0,325360.0
3c09_NQ1Ind_28,NASDAQ 100 E-MINI,eq-us,NQ1 Index,2011-05-25,2011-05-27,3970.25,3996.0,62666325.0,789.0,415680.0
3c09_NQ1Ind_29,NASDAQ 100 E-MINI,eq-us,NQ1 Index,2011-06-13,2011-06-15,3891.25,3918.5,54003610.0,694.0,389910.0
3c09_WN1Com_41,US ULTRA BOND CBT,fi-us,WN1 Comdty,2011-06-22,2011-06-23,113.40625,113.5,45220742.1875,399.0,30937.5
3c09_NQ1Ind_30,NASDAQ 100 E-MINI,eq-us,NQ1 Index,2011-06-27,2011-06-29,3881.75,3956.0,51458745.0,663.0,913635.0
3c09_WN1Com_42,US ULTRA BOND CBT,fi-us,WN1 Comdty,2011-06-30,2011-07-01,110.1875,110.25,41205937.5,374.0,19312.5
3c09_WN1Com_43,US ULTRA BOND CBT,fi-us,WN1 Comdty,2011-07-05,2011-07-06,109.625,110.1875,43824375.0,398.0,183937.5
3c09_NQ1Ind_31,NASDAQ 100 E-MINI,eq-us,NQ1 Index,2011-07-13,2011-07-19,4017.5,4014.75,47486850.0,591.0,-33130.0
3c09_WN1Com_44,US ULTRA BOND CBT,fi-us,WN1 Comdty,2011-07-19,2011-07-20,112.0,114.25,45015234.375,401.0,668250.0
3c09_NQ1Ind_32,NASDAQ 100 E-MINI,eq-us,NQ1 Index,2011-07-29,2011-08-04,4043.75,3976.75,45362460.0,561.0,-801910.0
3c09_NQ1Ind_33,NASDAQ 100 E-MINI,eq-us,NQ1 Index,2011-08-05,2011-08-11,3886.75,3755.75,34915865.0,439.0,-1217805.0
3c09_NQ1Ind_34,NASDAQ 100 E-MINI,eq-us,NQ1 Index,2011-08-19,2011-08-24,3757.75,3797.0,20952900.0,279.0,237310.0
3c09_WN1Com_45,US ULTRA BOND CBT,fi-us,WN1 Comdty,2011-08-25,2011-08-26,127.875,128.28125,22880000.0,179.0,60125.0
3c09_NQ1Ind_35,NASDAQ 100 E-MINI,eq-us,NQ1 Index,2011-09-07,2011-09-08,3839.5,3898.0,25178920.0,328.0,377910.0
3c09_WN1Com_46,US ULTRA BOND CBT,fi-us,WN1 Comdty,2011-09-15,2011-09-16,136.0625,134.34375,25896445.3125,191.0,-266406.25
3c09_WN1Com_47,US ULTRA BOND CBT,fi-us,WN1 Comdty,2011-09-19,2011-09-20,135.3125,137.875,26868750.0,200.0,392062.5
3c09_NQ1Ind_36,NASDAQ 100 E-MINI,eq-us,NQ1 Index,2011-09-22,2011-09-27,3923.75,3904.5,30054010.0,383.0,-135090.0
3c09_WN1Com_48,US ULTRA BOND CBT,fi-us,WN1 Comdty,2011-09-28,2011-09-29,140.4375,140.3125,19651406.25,141.0,-14625.0
3c09_NQ1Ind_37,NASDAQ 100 E-MINI,eq-us,NQ1 Index,2011-10-03,2011-10-06,3804.5,3845.25,29203750.0,383.0,290550.0
3c09_WN1Com_49,US ULTRA BOND CBT,fi-us,WN1 Comdty,2011-10-07,2011-10-10,143.40625,141.59375,21124765.625,148.0,-217500.0
3c09_WN1Com_50,US ULTRA BOND CBT,fi-us,WN1 Comdty,2011-10-11,2011-10-12,139.71875,139.625,20885078.125,148.0,-11437.5
3c09_WN1Com_51,US ULTRA BOND CBT,fi-us,WN1 Comdty,2011-10-13,2011-10-14,137.1875,138.34375,21292812.5,152.0,143375.0
3c09_WN1Com_52,US ULTRA BOND CBT,fi-us,WN1 Comdty,2011-10-25,2011-10-26,135.90625,139.21875,25265976.5625,186.0,467062.5
3c09_NQ1Ind_38,NASDAQ 100 E-MINI,eq-us,NQ1 Index,2011-11-02,2011-11-04,3981.0,4040.0,29383470.0,369.0,449540.0
3c09_NQ1Ind_39,NASDAQ 100 E-MINI,eq-us,NQ1 Index,2011-11-21,2011-11-28,3922.0,3861.0,31422000.0,400.0,-495365.0
3c09_WN1Com_53,US ULTRA BOND CBT,fi-us,WN1 Comdty,2011-11-30,2011-12-01,144.75,142.21875,28081640.625,194.0,-382218.75
3c09_WN1Com_54,US ULTRA BOND CBT,fi-us,WN1 Comdty,2011-12-02,2011-12-05,141.21875,142.40625,27021562.5,190.0,176937.5
3c09_NQ1Ind_40,NASDAQ 100 E-MINI,eq-us,NQ1 Index,2011-12-15,2011-12-21,3911.75,3952.0,33478160.0,428.0,377280.0
3c09_WN1Com_55,US ULTRA BOND CBT,fi-us,WN1 Comdty,2011-12-23,2011-12-27,144.5625,142.78125,29292890.625,202.0,-285000.0
3c09_WN1Com_56,US ULTRA BOND CBT,fi-us,WN1 Comdty,2012-01-06,2012-01-09,142.75,144.0,29633593.75,208.0,212500.0
3c09_WN1Com_57,US ULTRA BOND CBT,fi-us,WN1 Comdty,2012-01-20,2012-01-23,143.625,142.125,33184375.0,231.0,-282000.0
3c09_WN1Com_58,US ULTRA BOND CBT,fi-us,WN1 Comdty,2012-01-24,2012-01-25,141.25,140.75,34110000.0,240.0,-99000.0
3c09_WN1Com_59,US ULTRA BOND CBT,fi-us,WN1 Comdty,2012-01-26,2012-01-27,141.1875,142.65625,35891250.0,255.0,296687.5
3c09_NQ1Ind_41,NASDAQ 100 E-MINI,eq-us,NQ1 Index,2012-01-31,2012-02-02,4144.75,4171.0,68052690.0,821.0,444775.0
3c09_WN1Com_60,US ULTRA BOND CBT,fi-us,WN1 Comdty,2012-02-06,2012-02-07,141.96875,142.6875,32169921.875,228.0,130812.5
3c09_WN1Com_61,US ULTRA BOND CBT,fi-us,WN1 Comdty,2012-02-10,2012-02-13,140.65625,141.59375,34224023.4375,244.0,179062.5
3c09_WN1Com_62,US ULTRA BOND CBT,fi-us,WN1 Comdty,2012-02-21,2012-02-22,140.28125,139.5,36155273.4375,256.0,-164843.75
3c09_NQ1Ind_42,NASDAQ 100 E-MINI,eq-us,NQ1 Index,2012-02-27,2012-02-29,4285.0,4314.75,79939440.0,933.0,574160.0
3c09_WN1Com_63,US ULTRA BOND CBT,fi-us,WN1 Comdty,2012-03-02,2012-03-05,141.3125,142.5,40070820.3125,284.0,271937.5
3c09_NQ1Ind_43,NASDAQ 100 E-MINI,eq-us,NQ1 Index,2012-03-07,2012-03-09,4273.25,4323.0,71940480.0,842.0,843915.0
3c09_WN1Com_64,US ULTRA BOND CBT,fi-us,WN1 Comdty,2012-03-12,2012-03-13,140.875,141.15625,42529609.375,302.0,69750.0
3c09_WN1Com_65,US ULTRA BOND CBT,fi-us,WN1 Comdty,2012-03-15,2012-03-16,135.125,134.8125,33266835.9375,246.0,-63750.0
3c09_WN1Com_66,US ULTRA BOND CBT,fi-us,WN1 Comdty,2012-03-19,2012-03-20,134.90625,133.21875,35388281.25,262.0,-359437.5
3c09_NQ1Ind_44,NASDAQ 100 E-MINI,eq-us,NQ1 Index,2012-03-23,2012-03-27,4420.75,4464.0,83174990.0,941.0,835430.0
3c09_NQ1Ind_45,NASDAQ 100 E-MINI,eq-us,NQ1 Index,2012-03-30,2012-04-03,4447.25,4465.25,76657660.0,862.0,314640.0
3c09_WN1Com_67,US ULTRA BOND CBT,fi-us,WN1 Comdty,2012-04-04,2012-04-05,134.40625,136.59375,39711328.125,294.0,520625.0
3c09_NQ1Ind_46,NASDAQ 100 E-MINI,eq-us,NQ1 Index,2012-04-09,2012-04-13,4414.0,4426.75,70183600.0,790.0,180185.0
3c09_NQ1Ind_47,NASDAQ 100 E-MINI,eq-us,NQ1 Index,2012-04-23,2012-04-26,4359.25,4392.75,54531250.0,625.0,442260.0
3c09_WN1Com_68,US ULTRA BOND CBT,fi-us,WN1 Comdty,2012-04-27,2012-04-30,143.46875,143.40625,48031210.9375,336.0,-17312.5
3c09_NQ1Ind_48,NASDAQ 100 E-MINI,eq-us,NQ1 Index,2012-05-07,2012-05-11,4298.5,4307.5,43568875.0,505.0,92370.0
3c09_NQ1Ind_49,NASDAQ 100 E-MINI,eq-us,NQ1 Index,2012-05-15,2012-05-21,4275.25,4160.75,50937140.0,596.0,-1407265.0
3c09_NQ1Ind_50,NASDAQ 100 E-MINI,eq-us,NQ1 Index,2012-06-04,2012-06-06,4141.75,4178.5,40189525.0,485.0,362530.0
3c09_WN1Com_69,US ULTRA BOND CBT,fi-us,WN1 Comdty,2012-06-07,2012-06-08,154.6875,154.5,32589375.0,210.0,-32062.5
3c09_WN1Com_70,US ULTRA BOND CBT,fi-us,WN1 Comdty,2012-06-11,2012-06-12,153.8125,155.71875,34183125.0,221.0,345031.25
3c09_WN1Com_71,US ULTRA BOND CBT,fi-us,WN1 Comdty,2012-06-19,2012-06-20,157.0625,154.78125,39688085.9375,254.0,-463093.75
3c09_WN1Com_72,US ULTRA BOND CBT,fi-us,WN1 Comdty,2012-06-21,2012-06-22,154.96875,156.1875,40630078.125,262.0,262031.25
3c09_NQ1Ind_51,NASDAQ 100 E-MINI,eq-us,NQ1 Index,2012-07-10,2012-07-16,4300.0,4271.25,39818000.0,463.0,-258470.0
3c09_WN1Com_73,US ULTRA BOND CBT,fi-us,WN1 Comdty,2012-07-20,2012-07-23,158.71875,160.71875,47001914.0625,296.0,460000.0
3c09_NQ1Ind_52,NASDAQ 100 E-MINI,eq-us,NQ1 Index,2012-07-25,2012-07-27,4249.0,4266.75,41746200.0,492.0,180695.0
3c09_WN1Com_74,US ULTRA BOND CBT,fi-us,WN1 Comdty,2012-07-30,2012-07-31,158.1875,159.59375,36289687.5,230.0,257343.75
3c09_WN1Com_75,US ULTRA BOND CBT,fi-us,WN1 Comdty,2012-08-08,2012-08-09,155.8125,154.9375,34278750.0,220.0,-159250.0
3c09_WN1Com_76,US ULTRA BOND CBT,fi-us,WN1 Comdty,2012-08-10,2012-08-13,154.75,155.65625,36410312.5,235.0,174000.0
3c09_WN1Com_77,US ULTRA BOND CBT,fi-us,WN1 Comdty,2012-08-16,2012-08-17,150.78125,150.375,35673750.0,236.0,-78812.5
3c09_WN1Com_78,US ULTRA BOND CBT,fi-us,WN1 Comdty,2012-08-20,2012-08-21,149.75,150.8125,37217812.5,248.0,216750.0
3c09_NQ1Ind_53,NASDAQ 100 E-MINI,eq-us,NQ1 Index,2012-08-22,2012-08-28,4469.5,4477.25,61479680.0,688.0,109450.0
3c09_NQ1Ind_54,NASDAQ 100 E-MINI,eq-us,NQ1 Index,2012-09-05,2012-09-07,4469.25,4524.0,71049150.0,795.0,879090.0
3c09_WN1Com_79,US ULTRA BOND CBT,fi-us,WN1 Comdty,2012-09-07,2012-09-10,154.4375,154.09375,41925078.125,271.0,-76656.25
3c09_WN1Com_80,US ULTRA BOND CBT,fi-us,WN1 Comdty,2012-09-14,2012-09-17,151.0625,146.65625,43984687.5,292.0,-920906.25
3c09_NQ1Ind_55,NASDAQ 100 E-MINI,eq-us,NQ1 Index,2012-09-20,2012-09-26,4555.75,4505.25,66768970.0,733.0,-788910.0
3c09_NQ1Ind_56,NASDAQ 100 E-MINI,eq-us,NQ1 Index,2012-09-27,2012-09-28,4475.75,4515.5,63433920.0,704.0,523110.0
3c09_NQ1Ind_57,NASDAQ 100 E-MINI,eq-us,NQ1 Index,2012-10-03,2012-10-04,4496.25,4510.0,62947500.0,700.0,197175.0
3c09_WN1Com_81,US ULTRA BOND CBT,fi-us,WN1 Comdty,2012-10-05,2012-10-08,152.46875,150.34375,46750976.5625,306.0,-493000.0
3c09_NQ1Ind_58,NASDAQ 100 E-MINI,eq-us,NQ1 Index,2012-10-11,2012-10-16,4423.5,4433.5,60959275.0,689.0,152775.0
3c09_WN1Com_82,US ULTRA BOND CBT,fi-us,WN1 Comdty,2012-10-18,2012-10-19,149.40625,148.96875,44185468.75,295.0,-106312.5
3c09_NQ1Ind_59,NASDAQ 100 E-MINI,eq-us,NQ1 Index,2012-11-01,2012-11-02,4335.25,4387.0,58176100.0,670.0,629280.0
3c09_NQ1Ind_60,NASDAQ 100 E-MINI,eq-us,NQ1 Index,2012-11-12,2012-11-16,4282.5,4223.75,45726420.0,534.0,-658100.0
3c09_WN1Com_83,US ULTRA BOND CBT,fi-us,WN1 Comdty,2012-11-21,2012-11-23,155.0,154.90625,52449609.375,338.0,-25875.0
3c09_WN1Com_84,US ULTRA BOND CBT,fi-us,WN1 Comdty,2012-11-26,2012-11-27,156.0625,155.65625,55378984.375,358.0,-117000.0
3c09_NQ1Ind_61,NASDAQ 100 E-MINI,eq-us,NQ1 Index,2012-12-05,2012-12-11,4362.0,4348.75,57624600.0,660.0,-172775.0
3c09_WN1Com_85,US ULTRA BOND CBT,fi-us,WN1 Comdty,2012-12-11,2012-12-12,156.09375,154.96875,68821210.9375,441.0,-396000.0
3c09_WN1Com_86,US ULTRA BOND CBT,fi-us,WN1 Comdty,2012-12-13,2012-12-14,153.5625,153.28125,63924609.375,412.0,-96187.5
3c09_NQ1Ind_62,NASDAQ 100 E-MINI,eq-us,NQ1 Index,2012-12-24,2012-12-31,4366.75,4297.0,55464075.0,635.0,-929730.0
3c09_WN1Com_87,US ULTRA BOND CBT,fi-us,WN1 Comdty,2013-01-04,2013-01-07,147.40625,148.125,45519609.375,308.0,182562.5
3c09_NQ1Ind_63,NASDAQ 100 E-MINI,eq-us,NQ1 Index,2013-01-09,2013-01-11,4421.75,4449.25,44119085.0,499.0,285450.0
3c09_NQ1Ind_64,NASDAQ 100 E-MINI,eq-us,NQ1 Index,2013-01-16,2013-01-18,4427.5,4442.25,50399400.0,570.0,171565.0
3c09_WN1Com_88,US ULTRA BOND CBT,fi-us,WN1 Comdty,2013-01-30,2013-01-31,146.1875,146.25,55557890.625,379.0,19437.5
3c09_NQ1Ind_65,NASDAQ 100 E-MINI,eq-us,NQ1 Index,2013-02-26,2013-02-28,4409.0,4447.75,57228820.0,649.0,518255.0
3c09_WN1Com_89,US ULTRA BOND CBT,fi-us,WN1 Comdty,2013-03-07,2013-03-08,146.96875,145.4375,64992187.5,442.0,-526750.0
3c09_WN1Com_90,US ULTRA BOND CBT,fi-us,WN1 Comdty,2013-03-11,2013-03-12,144.21875,144.09375,60901953.125,419.0,-43250.0
3c09_NQ1Ind_66,NASDAQ 100 E-MINI,eq-us,NQ1 Index,2013-03-20,2013-03-25,4489.75,4506.5,79247700.0,882.0,305800.0
3c09_NQ1Ind_67,NASDAQ 100 E-MINI,eq-us,NQ1 Index,2013-04-08,2013-04-10,4476.25,4512.0,78509040.0,877.0,625090.0
3c09_WN1Com_91,US ULTRA BOND CBT,fi-us,WN1 Comdty,2013-04-11,2013-04-12,151.15625,151.34375,45715312.5,302.0,46875.0
3c09_NQ1Ind_68,NASDAQ 100 E-MINI,eq-us,NQ1 Index,2013-04-16,2013-04-22,4499.0,4485.5,54227790.0,603.0,-154130.0
3c09_WN1Com_92,US ULTRA BOND CBT,fi-us,WN1 Comdty,2013-04-24,2013-04-25,154.25,154.53125,55289609.375,358.0,83250.0
3c09_WN1Com_93,US ULTRA BOND CBT,fi-us,WN1 Comdty,2013-04-26,2013-04-29,154.3125,155.53125,58142382.8125,376.0,361968.75
3c09_WN1Com_94,US ULTRA BOND CBT,fi-us,WN1 Comdty,2013-05-07,2013-05-08,152.25,151.71875,44840000.0,295.0,-129625.0
3c09_WN1Com_95,US ULTRA BOND CBT,fi-us,WN1 Comdty,2013-05-13,2013-05-14,149.3125,148.71875,44635117.1875,299.0,-146062.5
3c09_WN1Com_96,US ULTRA BOND CBT,fi-us,WN1 Comdty,2013-05-15,2013-05-16,147.09375,148.03125,46846406.25,315.0,242812.5
3c09_NQ1Ind_69,NASDAQ 100 E-MINI,eq-us,NQ1 Index,2013-06-06,2013-06-10,4652.25,4696.5,72656430.0,781.0,704250.0
3c09_WN1Com_97,US ULTRA BOND CBT,fi-us,WN1 Comdty,2013-06-11,2013-06-12,142.28125,143.625,44808750.0,315.0,338625.0
3c09_NQ1Ind_70,NASDAQ 100 E-MINI,eq-us,NQ1 Index,2013-06-14,2013-06-18,4676.5,4687.75,60220440.0,644.0,145845.0
3c09_WN1Com_98,US ULTRA BOND CBT,fi-us,WN1 Comdty,2013-06-20,2013-06-21,141.3125,138.71875,44709843.75,316.0,-609531.25
3c09_WN1Com_99,US ULTRA BOND CBT,fi-us,WN1 Comdty,2013-06-24,2013-06-25,137.3125,137.9375,41615625.0,300.0,153125.0
3c09_NQ1Ind_71,NASDAQ 100 E-MINI,eq-us,NQ1 Index,2013-07-01,2013-07-08,4621.25,4680.0,53127125.0,575.0,712395.0
3c09_WN1Com_100,US ULTRA BOND CBT,fi-us,WN1 Comdty,2013-07-08,2013-07-09,134.71875,135.96875,34401093.75,255.0,256250.0
3c09_WN1Com_101,US ULTRA BOND CBT,fi-us,WN1 Comdty,2013-07-15,2013-07-16,136.15625,137.0625,37705312.5,278.0,203000.0
3c09_NQ1Ind_72,NASDAQ 100 E-MINI,eq-us,NQ1 Index,2013-07-18,2013-07-24,4793.75,4756.5,65057490.0,678.0,-485110.0
3c09_WN1Com_102,US ULTRA BOND CBT,fi-us,WN1 Comdty,2013-07-26,2013-07-29,136.15625,136.71875,42731718.75,315.0,141187.5
3c09_NQ1Ind_73,NASDAQ 100 E-MINI,eq-us,NQ1 Index,2013-08-12,2013-08-14,4832.0,4857.25,79917145.0,827.0,431030.0
3c09_NQ1Ind_74,NASDAQ 100 E-MINI,eq-us,NQ1 Index,2013-08-28,2013-08-30,4780.0,4812.0,58004920.0,607.0,399840.0
3c09_WN1Com_103,US ULTRA BOND CBT,fi-us,WN1 Comdty,2013-09-06,2013-09-09,130.375,130.875,38515937.5,295.0,121500.0
3c09_WN1Com_104,US ULTRA BOND CBT,fi-us,WN1 Comdty,2013-09-10,2013-09-11,131.0625,130.09375,40244062.5,308.0,-241218.75
3c09_NQ1Ind_75,NASDAQ 100 E-MINI,eq-us,NQ1 Index,2013-09-16,2013-09-19,4926.25,4950.25,71010125.0,725.0,356640.0
3c09_NQ1Ind_76,NASDAQ 100 E-MINI,eq-us,NQ1 Index,2013-09-25,2013-09-27,4941.0,4955.5,76554500.0,775.0,225900.0
3c09_NQ1Ind_77,NASDAQ 100 E-MINI,eq-us,NQ1 Index,2013-10-10,2013-10-11,4858.5,4919.25,58590495.0,603.0,640305.0
3c09_WN1Com_105,US ULTRA BOND CBT,fi-us,WN1 Comdty,2013-10-15,2013-10-16,133.5625,133.59375,60034335.9375,449.0,11562.5
3c09_WN1Com_106,US ULTRA BOND CBT,fi-us,WN1 Comdty,2013-10-31,2013-11-01,137.34375,137.34375,64953984.375,472.0,0.0
3c09_WN1Com_107,US ULTRA BOND CBT,fi-us,WN1 Comdty,2013-11-06,2013-11-07,134.40625,134.21875,58420703.125,434.0,-67312.5
3c09_WN1Com_108,US ULTRA BOND CBT,fi-us,WN1 Comdty,2013-11-13,2013-11-14,132.53125,133.40625,50870859.375,384.0,273000.0
3c09_NQ1Ind_78,NASDAQ 100 E-MINI,eq-us,NQ1 Index,2013-11-19,2013-11-22,5113.5,5126.5,63871875.0,625.0,177805.0
3c09_WN1Com_109,US ULTRA BOND CBT,fi-us,WN1 Comdty,2013-11-22,2013-11-25,132.21875,133.28125,50066015.625,379.0,319812.5
3c09_WN1Com_110,US ULTRA BOND CBT,fi-us,WN1 Comdty,2013-12-03,2013-12-04,132.96875,133.21875,53316093.75,401.0,82000.0
3c09_WN1Com_111,US ULTRA BOND CBT,fi-us,WN1 Comdty,2013-12-09,2013-12-10,132.03125,132.40625,55117968.75,419.0,127500.0
3c09_NQ1Ind_79,NASDAQ 100 E-MINI,eq-us,NQ1 Index,2013-12-12,2013-12-18,5198.25,5191.25,73797400.0,710.0,-101245.0
3c09_WN1Com_112,US ULTRA BOND CBT,fi-us,WN1 Comdty,2013-12-27,2013-12-30,131.5625,131.28125,55585156.25,422.0,-97875.0
3c09_NQ1Ind_80,NASDAQ 100 E-MINI,eq-us,NQ1 Index,2014-01-07,2014-01-08,5247.75,5279.75,74539350.0,710.0,444160.0
3c09_NQ1Ind_81,NASDAQ 100 E-MINI,eq-us,NQ1 Index,2014-01-14,2014-01-15,5241.75,5305.25,65931780.0,629.0,688340.0
3c09_NQ1Ind_82,NASDAQ 100 E-MINI,eq-us,NQ1 Index,2014-01-28,2014-02-03,5200.5,5245.5,51088720.0,488.0,458040.0
3c09_WN1Com_113,US ULTRA BOND CBT,fi-us,WN1 Comdty,2014-02-07,2014-02-10,137.75,137.59375,55025000.0,400.0,-51562.5
3c09_WN1Com_114,US ULTRA BOND CBT,fi-us,WN1 Comdty,2014-02-11,2014-02-12,138.09375,137.40625,58649335.9375,426.0,-239250.0
3c09_WN1Com_115,US ULTRA BOND CBT,fi-us,WN1 Comdty,2014-02-13,2014-02-14,136.59375,137.53125,59771718.75,435.0,327187.5
3c09_NQ1Ind_83,NASDAQ 100 E-MINI,eq-us,NQ1 Index,2014-02-28,2014-03-05,5435.25,5450.0,60523620.0,557.0,160935.0
3c09_WN1Com_116,US ULTRA BOND CBT,fi-us,WN1 Comdty,2014-03-07,2014-03-10,137.75,137.09375,60809765.625,441.0,-232968.75
3c09_WN1Com_117,US ULTRA BOND CBT,fi-us,WN1 Comdty,2014-03-11,2014-03-12,136.96875,137.34375,62891757.8125,459.0,140250.0
3c09_NQ1Ind_84,NASDAQ 100 E-MINI,eq-us,NQ1 Index,2014-03-14,2014-03-19,5385.0,5434.25,58782360.0,546.0,540880.0
3c09_WN1Com_118,US ULTRA BOND CBT,fi-us,WN1 Comdty,2014-03-20,2014-03-21,138.71875,138.5,61390039.0625,444.0,-80062.5
3c09_NQ1Ind_85,NASDAQ 100 E-MINI,eq-us,NQ1 Index,2014-03-25,2014-03-31,5352.0,5311.0,54778880.0,512.0,-422600.0
3c09_WN1Com_119,US ULTRA BOND CBT,fi-us,WN1 Comdty,2014-04-02,2014-04-03,139.8125,138.875,65376953.125,468.0,-345937.5
3c09_NQ1Ind_86,NASDAQ 100 E-MINI,eq-us,NQ1 Index,2014-04-08,2014-04-10,5240.25,5331.75,43054305.0,411.0,752835.0
3c09_WN1Com_120,US ULTRA BOND CBT,fi-us,WN1 Comdty,2014-04-17,2014-04-21,143.75,142.34375,74342109.375,518.0,-532968.75
3c09_WN1Com_121,US ULTRA BOND CBT,fi-us,WN1 Comdty,2014-04-22,2014-04-23,142.125,142.6875,69214648.4375,486.0,223875.0
3c09_NQ1Ind_87,NASDAQ 100 E-MINI,eq-us,NQ1 Index,2014-05-05,2014-05-09,5321.75,5272.0,46370780.0,436.0,-448245.0
3c09_WN1Com_122,US ULTRA BOND CBT,fi-us,WN1 Comdty,2014-05-12,2014-05-13,144.09375,143.375,71655546.875,498.0,-288937.5
3c09_NQ1Ind_88,NASDAQ 100 E-MINI,eq-us,NQ1 Index,2014-05-16,2014-05-20,5302.0,5349.75,50896800.0,480.0,467830.0
3c09_WN1Com_123,US ULTRA BOND CBT,fi-us,WN1 Comdty,2014-06-03,2014-06-04,146.53125,144.8125,59818007.8125,409.0,-537968.75
3c09_WN1Com_124,US ULTRA BOND CBT,fi-us,WN1 Comdty,2014-06-05,2014-06-06,144.75,144.96875,58468046.875,404.0,72843.75
3c09_WN1Com_125,US ULTRA BOND CBT,fi-us,WN1 Comdty,2014-06-09,2014-06-10,145.03125,144.96875,62336562.5,430.0,-22187.5
3c09_WN1Com_126,US ULTRA BOND CBT,fi-us,WN1 Comdty,2014-06-11,2014-06-12,143.96875,144.34375,65960781.25,455.0,141000.0
3c09_NQ1Ind_89,NASDAQ 100 E-MINI,eq-us,NQ1 Index,2014-06-16,2014-06-19,5512.75,5540.5,74449125.0,675.0,397150.0
3c09_WN1Com_127,US ULTRA BOND CBT,fi-us,WN1 Comdty,2014-06-20,2014-06-23,144.34375,145.09375,65039062.5,450.0,278250.0
3c09_NQ1Ind_90,NASDAQ 100 E-MINI,eq-us,NQ1 Index,2014-06-25,2014-06-30,5538.0,5577.25,90638490.0,818.0,657820.0
3c09_WN1Com_128,US ULTRA BOND CBT,fi-us,WN1 Comdty,2014-07-07,2014-07-08,144.3125,145.25,62320546.875,432.0,317812.5
3c09_NQ1Ind_91,NASDAQ 100 E-MINI,eq-us,NQ1 Index,2014-07-10,2014-07-14,5632.25,5643.75,82103625.0,729.0,169570.0
3c09_NQ1Ind_92,NASDAQ 100 E-MINI,eq-us,NQ1 Index,2014-07-18,2014-07-21,5616.25,5675.25,75893625.0,675.0,717440.0
3c09_WN1Com_129,US ULTRA BOND CBT,fi-us,WN1 Comdty,2014-07-25,2014-07-28,148.8125,150.15625,71385000.0,480.0,494500.0
3c09_NQ1Ind_93,NASDAQ 100 E-MINI,eq-us,NQ1 Index,2014-08-08,2014-08-12,5601.25,5653.25,63980550.0,571.0,604930.0
3c09_WN1Com_130,US ULTRA BOND CBT,fi-us,WN1 Comdty,2014-08-13,2014-08-14,149.5,150.25,70367812.5,470.0,286500.0
3c09_WN1Com_131,US ULTRA BOND CBT,fi-us,WN1 Comdty,2014-08-21,2014-08-22,150.90625,151.875,64403710.9375,426.0,337125.0
3c09_WN1Com_132,US ULTRA BOND CBT,fi-us,WN1 Comdty,2014-09-09,2014-09-10,150.96875,150.84375,60626367.1875,401.0,-41500.0
3c09_WN1Com_133,US ULTRA BOND CBT,fi-us,WN1 Comdty,2014-09-19,2014-09-22,148.03125,149.59375,61922656.25,419.0,490625.0
3c09_NQ1Ind_94,NASDAQ 100 E-MINI,eq-us,NQ1 Index,2014-09-24,2014-09-25,5785.0,5838.5,78863205.0,681.0,655910.0
3c09_NQ1Ind_95,NASDAQ 100 E-MINI,eq-us,NQ1 Index,2014-10-14,2014-10-20,5551.25,5565.0,36752585.0,331.0,105735.0
3c09_WN1Com_134,US ULTRA BOND CBT,fi-us,WN1 Comdty,2014-10-21,2014-10-22,158.375,157.78125,55695078.125,351.0,-168625.0
3c09_WN1Com_135,US ULTRA BOND CBT,fi-us,WN1 Comdty,2014-10-23,2014-10-24,157.75,156.3125,57195703.125,362.0,-411125.0
3c09_WN1Com_136,US ULTRA BOND CBT,fi-us,WN1 Comdty,2014-10-27,2014-10-28,156.375,156.5625,57640234.375,369.0,57000.0
3c09_WN1Com_137,US ULTRA BOND CBT,fi-us,WN1 Comdty,2014-11-04,2014-11-05,155.8125,156.1875,67375390.625,432.0,133500.0
3c09_WN1Com_138,US ULTRA BOND CBT,fi-us,WN1 Comdty,2014-11-20,2014-11-21,155.6875,156.21875,78732656.25,505.0,219406.25
3c09_NQ1Ind_96,NASDAQ 100 E-MINI,eq-us,NQ1 Index,2014-12-02,2014-12-08,6040.25,6066.0,60155910.0,498.0,264520.0
3c09_NQ1Ind_97,NASDAQ 100 E-MINI,eq-us,NQ1 Index,2014-12-09,2014-12-15,6036.25,5943.0,66119400.0,545.0,-1008880.0
3c09_NQ1Ind_98,NASDAQ 100 E-MINI,eq-us,NQ1 Index,2014-12-16,2014-12-19,5920.5,6026.75,58716840.0,494.0,813520.0
3c09_WN1Com_139,US ULTRA BOND CBT,fi-us,WN1 Comdty,2014-12-22,2014-12-23,164.3125,164.65625,61043437.5,372.0,105531.25
3c09_NQ1Ind_99,NASDAQ 100 E-MINI,eq-us,NQ1 Index,2014-12-31,2015-01-07,6041.25,5863.75,48448820.0,401.0,-1403625.0
3c09_NQ1Ind_100,NASDAQ 100 E-MINI,eq-us,NQ1 Index,2015-01-14,2015-01-21,5916.25,5924.25,43192275.0,365.0,47160.0
3c09_WN1Com_140,US ULTRA BOND CBT,fi-us,WN1 Comdty,2015-01-22,2015-01-23,172.78125,173.1875,54593437.5,315.0,101562.5
3c09_NQ1Ind_101,NASDAQ 100 E-MINI,eq-us,NQ1 Index,2015-01-28,2015-02-03,5964.25,5939.0,39413380.0,332.0,-163880.0
3c09_WN1Com_141,US ULTRA BOND CBT,fi-us,WN1 Comdty,2015-02-05,2015-02-06,175.59375,173.03125,42293515.625,242.0,-504812.5
3c09_WN1Com_142,US ULTRA BOND CBT,fi-us,WN1 Comdty,2015-02-09,2015-02-10,170.53125,169.59375,40013476.5625,231.0,-179062.5
3c09_WN1Com_143,US ULTRA BOND CBT,fi-us,WN1 Comdty,2015-02-11,2015-02-12,168.9375,168.6875,40914492.1875,241.0,-49750.0
3c09_WN1Com_144,US ULTRA BOND CBT,fi-us,WN1 Comdty,2015-02-13,2015-02-17,168.84375,166.71875,43437031.25,258.0,-444125.0
3c09_WN1Com_145,US ULTRA BOND CBT,fi-us,WN1 Comdty,2015-02-18,2015-02-19,164.71875,165.3125,40012500.0,240.0,113406.25
3c09_NQ1Ind_102,NASDAQ 100 E-MINI,eq-us,NQ1 Index,2015-02-26,2015-02-27,6196.75,6218.75,56498400.0,456.0,206360.0
3c09_WN1Com_146,US ULTRA BOND CBT,fi-us,WN1 Comdty,2015-03-05,2015-03-06,164.90625,164.5625,42661406.25,259.0,-73218.75
3c09_WN1Com_147,US ULTRA BOND CBT,fi-us,WN1 Comdty,2015-03-09,2015-03-10,161.40625,162.75,39700703.125,241.0,260687.5
3c09_NQ1Ind_103,NASDAQ 100 E-MINI,eq-us,NQ1 Index,2015-03-12,2015-03-17,6070.0,6112.75,52288920.0,431.0,385255.0
3c09_NQ1Ind_104,NASDAQ 100 E-MINI,eq-us,NQ1 Index,2015-03-20,2015-03-23,6183.5,6213.25,55185810.0,446.0,271320.0
3c09_NQ1Ind_105,NASDAQ 100 E-MINI,eq-us,NQ1 Index,2015-03-25,2015-03-31,6194.0,6134.75,59707750.0,482.0,-423375.0
3c09_WN1Com_148,US ULTRA BOND CBT,fi-us,WN1 Comdty,2015-04-13,2015-04-14,169.15625,169.5,44013125.0,260.0,73906.25
3c09_NQ1Ind_106,NASDAQ 100 E-MINI,eq-us,NQ1 Index,2015-04-15,2015-04-16,6165.0,6191.0,60146000.0,488.0,258440.0
3c09_WN1Com_149,US ULTRA BOND CBT,fi-us,WN1 Comdty,2015-04-23,2015-04-24,167.03125,167.21875,46812500.0,280.0,43125.0
3c09_WN1Com_150,US ULTRA BOND CBT,fi-us,WN1 Comdty,2015-05-21,2015-05-22,156.5625,158.0,37905781.25,242.0,270250.0
3c09_NQ1Ind_107,NASDAQ 100 E-MINI,eq-us,NQ1 Index,2015-05-27,2015-05-28,6246.25,6305.25,56700060.0,454.0,505040.0
3c09_WN1Com_151,US ULTRA BOND CBT,fi-us,WN1 Comdty,2015-06-04,2015-06-05,155.0625,156.71875,35456250.0,229.0,296468.75
3c09_NQ1Ind_108,NASDAQ 100 E-MINI,eq-us,NQ1 Index,2015-06-16,2015-06-17,6199.0,6223.5,58768890.0,474.0,235200.0
3c09_WN1Com_152,US ULTRA BOND CBT,fi-us,WN1 Comdty,2015-06-19,2015-06-22,154.90625,156.875,39050703.125,252.0,379968.75
3c09_WN1Com_153,US ULTRA BOND CBT,fi-us,WN1 Comdty,2015-07-06,2015-07-07,156.4375,156.15625,33948046.875,221.0,-46125.0
3c09_NQ1Ind_109,NASDAQ 100 E-MINI,eq-us,NQ1 Index,2015-07-08,2015-07-13,6193.75,6155.25,54131190.0,437.0,-279050.0
3c09_WN1Com_154,US ULTRA BOND CBT,fi-us,WN1 Comdty,2015-07-14,2015-07-15,152.78125,153.71875,31633593.75,206.0,159375.0
3c09_WN1Com_155,US ULTRA BOND CBT,fi-us,WN1 Comdty,2015-07-21,2015-07-22,156.5625,157.21875,36335390.625,232.0,125343.75
3c09_NQ1Ind_110,NASDAQ 100 E-MINI,eq-us,NQ1 Index,2015-07-24,2015-07-30,6404.75,6334.0,48956975.0,383.0,-516950.0
3c09_NQ1Ind_111,NASDAQ 100 E-MINI,eq-us,NQ1 Index,2015-08-04,2015-08-06,6341.75,6363.0,52657275.0,415.0,179845.0
3c09_WN1Com_156,US ULTRA BOND CBT,fi-us,WN1 Comdty,2015-08-17,2015-08-18,164.90625,164.59375,44434140.625,271.0,-69062.5
3c09_NQ1Ind_112,NASDAQ 100 E-MINI,eq-us,NQ1 Index,2015-08-24,2015-08-27,5955.0,5994.0,30696080.0,257.0,171525.0
3c09_WN1Com_157,US ULTRA BOND CBT,fi-us,WN1 Comdty,2015-08-28,2015-08-31,161.53125,161.625,38489843.75,238.0,18468.75
3c09_NQ1Ind_113,NASDAQ 100 E-MINI,eq-us,NQ1 Index,2015-09-02,2015-09-09,5922.0,6071.5,21227610.0,179.0,542210.0
3c09_WN1Com_158,US ULTRA BOND CBT,fi-us,WN1 Comdty,2015-09-17,2015-09-18,157.625,159.4375,41515898.4375,264.0,378812.5
3c09_NQ1Ind_114,NASDAQ 100 E-MINI,eq-us,NQ1 Index,2015-09-25,2015-10-01,6011.0,5933.0,29643000.0,246.0,-396235.0
3c09_WN1Com_159,US ULTRA BOND CBT,fi-us,WN1 Comdty,2015-10-06,2015-10-07,162.96875,163.6875,39716015.625,244.0,144468.75
3c09_WN1Com_160,US ULTRA BOND CBT,fi-us,WN1 Comdty,2015-10-12,2015-10-13,162.46875,163.28125,42818164.0625,264.0,174687.5
3c09_NQ1Ind_115,NASDAQ 100 E-MINI,eq-us,NQ1 Index,2015-10-14,2015-10-16,6113.25,6188.75,34763020.0,284.0,441360.0
3c09_WN1Com_161,US ULTRA BOND CBT,fi-us,WN1 Comdty,2015-10-20,2015-10-21,163.96875,163.0,48566484.375,296.0,-231531.25
3c09_WN1Com_162,US ULTRA BOND CBT,fi-us,WN1 Comdty,2015-10-30,2015-11-02,161.78125,162.84375,47458984.375,294.0,251812.5
3c09_WN1Com_163,US ULTRA BOND CBT,fi-us,WN1 Comdty,2015-11-05,2015-11-06,161.0,160.65625,50906367.1875,316.0,-89718.75
3c09_NQ1Ind_116,NASDAQ 100 E-MINI,eq-us,NQ1 Index,2015-11-27,2015-12-02,6458.75,6494.0,46485000.0,360.0,271510.0
3c09_NQ1Ind_117,NASDAQ 100 E-MINI,eq-us,NQ1 Index,2015-12-03,2015-12-09,6477.75,6466.5,50393440.0,388.0,-61955.0
3c09_NQ1Ind_118,NASDAQ 100 E-MINI,eq-us,NQ1 Index,2015-12-10,2015-12-16,6397.5,6387.0,40738950.0,315.0,-107750.0
3c09_WN1Com_164,US ULTRA BOND CBT,fi-us,WN1 Comdty,2015-12-17,2015-12-18,161.5625,163.59375,42014375.0,260.0,416406.25
3c09_WN1Com_165,US ULTRA BOND CBT,fi-us,WN1 Comdty,2015-12-24,2015-12-28,161.875,162.375,45018125.0,279.0,113500.0
3c09_NQ1Ind_119,NASDAQ 100 E-MINI,eq-us,NQ1 Index,2016-01-05,2016-01-11,6289.0,6047.75,36093120.0,287.0,-1427755.0
3c09_NQ1Ind_120,NASDAQ 100 E-MINI,eq-us,NQ1 Index,2016-01-21,2016-01-25,5914.25,6031.0,28280870.0,239.0,574410.0
3c09_NQ1Ind_121,NASDAQ 100 E-MINI,eq-us,NQ1 Index,2016-01-28,2016-02-01,5933.75,6046.75,26597250.0,225.0,519730.0
3c09_WN1Com_166,US ULTRA BOND CBT,fi-us,WN1 Comdty,2016-02-02,2016-02-03,168.78125,171.84375,59341171.875,352.0,753375.0
3c09_NQ1Ind_122,NASDAQ 100 E-MINI,eq-us,NQ1 Index,2016-02-05,2016-02-11,5930.0,5746.5,27439335.0,231.0,-790270.0
3c09_NQ1Ind_123,NASDAQ 100 E-MINI,eq-us,NQ1 Index,2016-02-12,2016-02-16,5746.75,5805.0,27698130.0,241.0,281930.0
3c09_WN1Com_167,US ULTRA BOND CBT,fi-us,WN1 Comdty,2016-02-18,2016-02-19,172.15625,174.375,46001640.625,268.0,474812.5
3c09_WN1Com_168,US ULTRA BOND CBT,fi-us,WN1 Comdty,2016-02-29,2016-03-01,173.40625,173.875,50315000.0,290.0,112500.0
3c09_WN1Com_169,US ULTRA BOND CBT,fi-us,WN1 Comdty,2016-03-14,2016-03-15,169.4375,170.09375,48095625.0,284.0,152250.0
3c09_NQ1Ind_124,NASDAQ 100 E-MINI,eq-us,NQ1 Index,2016-03-29,2016-03-30,6182.25,6253.25,46241360.0,374.0,512620.0
3c09_WN1Com_170,US ULTRA BOND CBT,fi-us,WN1 Comdty,2016-04-13,2016-04-14,173.9375,174.53125,53220507.8125,306.0,147843.75
3c09_WN1Com_171,US ULTRA BOND CBT,fi-us,WN1 Comdty,2016-04-15,2016-04-18,173.9375,175.4375,55413671.875,318.0,385500.0
3c09_WN1Com_172,US ULTRA BOND CBT,fi-us,WN1 Comdty,2016-04-21,2016-04-22,172.09375,171.25,54160312.5,315.0,-217687.5
3c09_NQ1Ind_125,NASDAQ 100 E-MINI,eq-us,NQ1 Index,2016-04-29,2016-05-05,6176.0,6100.75,55323520.0,448.0,-654620.0
3c09_NQ1Ind_126,NASDAQ 100 E-MINI,eq-us,NQ1 Index,2016-05-06,2016-05-10,6091.75,6127.25,56492945.0,463.0,327760.0
3c09_WN1Com_173,US ULTRA BOND CBT,fi-us,WN1 Comdty,2016-05-11,2016-05-12,174.15625,175.125,62478554.6875,359.0,281906.25
3c09_NQ1Ind_127,NASDAQ 100 E-MINI,eq-us,NQ1 Index,2016-06-03,2016-06-09,6321.5,6311.5,57934710.0,458.0,-92740.0
3c09_NQ1Ind_128,NASDAQ 100 E-MINI,eq-us,NQ1 Index,2016-06-10,2016-06-16,6303.5,6203.25,65513370.0,519.0,-989490.0
3c09_NQ1Ind_129,NASDAQ 100 E-MINI,eq-us,NQ1 Index,2016-06-17,2016-06-23,6215.5,6210.0,65630385.0,529.0,-47460.0
3c09_WN1Com_174,US ULTRA BOND CBT,fi-us,WN1 Comdty,2016-06-22,2016-06-23,178.09375,178.28125,61827265.625,346.0,53625.0
3c09_WN1Com_175,US ULTRA BOND CBT,fi-us,WN1 Comdty,2016-06-24,2016-06-27,176.15625,181.84375,59055664.0625,331.0,1126125.0
3c09_WN1Com_176,US ULTRA BOND CBT,fi-us,WN1 Comdty,2016-07-01,2016-07-05,185.40625,188.15625,40210312.5,218.0,484000.0
3c09_WN1Com_177,US ULTRA BOND CBT,fi-us,WN1 Comdty,2016-07-12,2016-07-13,190.25,187.3125,41318203.125,218.0,-478812.5
3c09_WN1Com_178,US ULTRA BOND CBT,fi-us,WN1 Comdty,2016-07-19,2016-07-20,184.90625,185.84375,37848125.0,205.0,157500.0
3c09_WN1Com_179,US ULTRA BOND CBT,fi-us,WN1 Comdty,2016-08-04,2016-08-05,185.25,186.8125,47262656.25,255.0,321875.0
3c09_NQ1Ind_130,NASDAQ 100 E-MINI,eq-us,NQ1 Index,2016-08-11,2016-08-16,6582.5,6623.0,63448070.0,482.0,409300.0
3c09_NQ1Ind_131,NASDAQ 100 E-MINI,eq-us,NQ1 Index,2016-08-25,2016-08-31,6586.75,6578.5,78511080.0,596.0,-110535.0
3c09_NQ1Ind_132,NASDAQ 100 E-MINI,eq-us,NQ1 Index,2016-09-21,2016-09-22,6605.5,6654.5,48077120.0,364.0,354760.0
3c09_NQ1Ind_133,NASDAQ 100 E-MINI,eq-us,NQ1 Index,2016-09-27,2016-09-28,6619.25,6663.0,48859290.0,369.0,322875.0
3c09_WN1Com_180,US ULTRA BOND CBT,fi-us,WN1 Comdty,2016-10-05,2016-10-06,180.8125,180.03125,51332148.4375,284.0,-180468.75
3c09_WN1Com_181,US ULTRA BOND CBT,fi-us,WN1 Comdty,2016-10-07,2016-10-10,179.15625,179.15625,53334257.8125,296.0,0.0
3c09_WN1Com_182,US ULTRA BOND CBT,fi-us,WN1 Comdty,2016-10-11,2016-10-12,177.96875,177.625,56210273.4375,314.0,-88687.5
3c09_NQ1Ind_134,NASDAQ 100 E-MINI,eq-us,NQ1 Index,2016-10-14,2016-10-19,6601.5,6629.25,58753350.0,445.0,260850.0
3c09_WN1Com_183,US ULTRA BOND CBT,fi-us,WN1 Comdty,2016-10-31,2016-11-01,174.53125,175.5,60802382.8125,349.0,268343.75
3c09_NQ1Ind_135,NASDAQ 100 E-MINI,eq-us,NQ1 Index,2016-11-03,2016-11-08,6505.5,6583.0,64831165.0,497.0,796410.0
3c09_WN1Com_184,US ULTRA BOND CBT,fi-us,WN1 Comdty,2016-11-10,2016-11-11,167.4375,164.53125,31230468.75,188.0,-450468.75
3c09_WN1Com_185,US ULTRA BOND CBT,fi-us,WN1 Comdty,2016-11-14,2016-11-15,163.40625,162.3125,32494921.875,198.0,-178281.25
3c09_WN1Com_186,US ULTRA BOND CBT,fi-us,WN1 Comdty,2016-11-22,2016-11-23,162.78125,162.0,36428906.25,225.0,-145312.5
3c09_WN1Com_187,US ULTRA BOND CBT,fi-us,WN1 Comdty,2016-12-09,2016-12-12,159.0625,157.46875,41901562.5,262.0,-334687.5
3c09_NQ1Ind_136,NASDAQ 100 E-MINI,eq-us,NQ1 Index,2016-12-27,2016-12-28,6748.0,6767.25,63028655.0,467.0,184800.0
3c09_NQ1Ind_137,NASDAQ 100 E-MINI,eq-us,NQ1 Index,2017-01-03,2017-01-05,6682.75,6740.75,60963800.0,457.0,521015.0
3c09_WN1Com_188,US ULTRA BOND CBT,fi-us,WN1 Comdty,2017-01-23,2017-01-24,161.125,162.75,55196015.625,342.0,430625.0
3c09_WN1Com_189,US ULTRA BOND CBT,fi-us,WN1 Comdty,2017-01-27,2017-01-30,159.90625,160.65625,51100000.0,320.0,194250.0
3c09_NQ1Ind_138,NASDAQ 100 E-MINI,eq-us,NQ1 Index,2017-01-31,2017-02-02,6929.5,6953.75,78730480.0,568.0,280375.0
3c09_NQ1Ind_139,NASDAQ 100 E-MINI,eq-us,NQ1 Index,2017-02-09,2017-02-10,6995.75,7017.25,90264525.0,645.0,284230.0
3c09_WN1Com_190,US ULTRA BOND CBT,fi-us,WN1 Comdty,2017-02-14,2017-02-15,161.0625,160.3125,55281640.625,342.0,-207750.0
3c09_WN1Com_191,US ULTRA BOND CBT,fi-us,WN1 Comdty,2017-02-16,2017-02-17,159.96875,160.625,56309765.625,351.0,182437.5
3c09_WN1Com_192,US ULTRA BOND CBT,fi-us,WN1 Comdty,2017-02-23,2017-02-24,161.40625,161.875,61275000.0,380.0,146718.75
3c09_NQ1Ind_140,NASDAQ 100 E-MINI,eq-us,NQ1 Index,2017-02-27,2017-02-28,7146.0,7151.0,109097555.0,763.0,78600.0
3c09_WN1Com_193,US ULTRA BOND CBT,fi-us,WN1 Comdty,2017-03-06,2017-03-07,159.90625,159.34375,51959375.0,325.0,-150750.0
3c09_WN1Com_194,US ULTRA BOND CBT,fi-us,WN1 Comdty,2017-03-08,2017-03-09,158.90625,158.03125,55172773.4375,346.0,-246750.0
3c09_WN1Com_195,US ULTRA BOND CBT,fi-us,WN1 Comdty,2017-03-10,2017-03-13,156.9375,157.34375,56101093.75,355.0,119031.25
3c09_WN1Com_196,US ULTRA BOND CBT,fi-us,WN1 Comdty,2017-03-14,2017-03-15,156.15625,157.21875,59397265.625,378.0,325125.0
3c09_NQ1Ind_141,NASDAQ 100 E-MINI,eq-us,NQ1 Index,2017-03-22,2017-03-27,7138.5,7164.25,79138900.0,554.0,285770.0
3c09_WN1Com_197,US ULTRA BOND CBT,fi-us,WN1 Comdty,2017-03-31,2017-04-03,161.53125,162.28125,65496093.75,405.0,251250.0
3c09_NQ1Ind_142,NASDAQ 100 E-MINI,eq-us,NQ1 Index,2017-04-12,2017-04-19,7207.0,7194.0,104775240.0,727.0,-169120.0
3c09_WN1Com_198,US ULTRA BOND CBT,fi-us,WN1 Comdty,2017-04-24,2017-04-25,164.65625,165.09375,69110507.8125,416.0,144375.0
3c09_WN1Com_199,US ULTRA BOND CBT,fi-us,WN1 Comdty,2017-04-26,2017-04-27,163.375,164.0625,64180195.3125,389.0,220687.5
3c09_WN1Com_200,US ULTRA BOND CBT,fi-us,WN1 Comdty,2017-05-09,2017-05-10,162.25,162.1875,67437500.0,415.0,-21250.0
3c09_WN1Com_201,US ULTRA BOND CBT,fi-us,WN1 Comdty,2017-05-11,2017-05-12,161.875,162.21875,71362500.0,440.0,124781.25
3c09_NQ1Ind_143,NASDAQ 100 E-MINI,eq-us,NQ1 Index,2017-05-18,2017-05-22,7379.75,7457.0,51976320.0,352.0,539105.0
3c09_WN1Com_202,US ULTRA BOND CBT,fi-us,WN1 Comdty,2017-05-23,2017-05-24,165.8125,165.03125,65690820.3125,396.0,-247656.25
3c09_WN1Com_203,US ULTRA BOND CBT,fi-us,WN1 Comdty,2017-05-25,2017-05-26,165.625,165.65625,67456523.4375,409.0,10531.25
3c09_WN1Com_204,US ULTRA BOND CBT,fi-us,WN1 Comdty,2017-05-30,2017-05-31,166.0,166.84375,72060468.75,435.0,297000.0
3c09_NQ1Ind_144,NASDAQ 100 E-MINI,eq-us,NQ1 Index,2017-06-01,2017-06-02,7609.0,7627.25,64122900.0,422.0,158045.0
3c09_NQ1Ind_145,NASDAQ 100 E-MINI,eq-us,NQ1 Index,2017-06-19,2017-06-20,7492.25,7564.75,51326520.0,343.0,464000.0
3c09_WN1Com_205,US ULTRA BOND CBT,fi-us,WN1 Comdty,2017-07-10,2017-07-11,165.71875,165.8125,70571015.625,426.0,32718.75
3c09_WN1Com_206,US ULTRA BOND CBT,fi-us,WN1 Comdty,2017-07-12,2017-07-13,165.9375,167.15625,74615625.0,450.0,433875.0
3c09_WN1Com_207,US ULTRA BOND CBT,fi-us,WN1 Comdty,2017-07-14,2017-07-17,166.1875,166.125,75220312.5,450.0,-23125.0
3c09_WN1Com_208,US ULTRA BOND CBT,fi-us,WN1 Comdty,2017-07-27,2017-07-28,167.03125,166.1875,66407343.75,398.0,-270000.0
3c09_NQ1Ind_146,NASDAQ 100 E-MINI,eq-us,NQ1 Index,2017-08-02,2017-08-08,7731.0,7733.0,61190510.0,398.0,33980.0
3c09_WN1Com_209,US ULTRA BOND CBT,fi-us,WN1 Comdty,2017-08-09,2017-08-10,168.5625,169.15625,68002031.25,405.0,185843.75
3c09_NQ1Ind_147,NASDAQ 100 E-MINI,eq-us,NQ1 Index,2017-08-11,2017-08-15,7567.0,7711.5,50079150.0,330.0,947080.0
3c09_WN1Com_210,US ULTRA BOND CBT,fi-us,WN1 Comdty,2017-08-16,2017-08-17,168.65625,169.9375,69501250.0,411.0,424093.75
3c09_NQ1Ind_148,NASDAQ 100 E-MINI,eq-us,NQ1 Index,2017-08-21,2017-08-23,7603.0,7676.25,44683590.0,294.0,445440.0
3c09_WN1Com_211,US ULTRA BOND CBT,fi-us,WN1 Comdty,2017-08-31,2017-09-01,172.0625,172.5,87592500.0,510.0,180687.5
3c09_WN1Com_212,US ULTRA BOND CBT,fi-us,WN1 Comdty,2017-09-05,2017-09-06,171.65625,173.90625,83015625.0,481.0,717750.0
3c09_WN1Com_213,US ULTRA BOND CBT,fi-us,WN1 Comdty,2017-09-14,2017-09-15,170.75,171.375,63736054.6875,374.0,192500.0
3c09_WN1Com_214,US ULTRA BOND CBT,fi-us,WN1 Comdty,2017-09-20,2017-09-21,169.84375,169.9375,69873945.3125,411.0,31781.25
3c09_NQ1Ind_149,NASDAQ 100 E-MINI,eq-us,NQ1 Index,2017-09-25,2017-09-28,7721.75,7727.0,63822955.0,413.0,51285.0
3c09_WN1Com_215,US ULTRA BOND CBT,fi-us,WN1 Comdty,2017-09-29,2017-10-02,168.09375,168.46875,62007617.1875,369.0,113625.0
3c09_WN1Com_216,US ULTRA BOND CBT,fi-us,WN1 Comdty,2017-10-03,2017-10-04,168.03125,168.34375,65913398.4375,391.0,100937.5
3c09_WN1Com_217,US ULTRA BOND CBT,fi-us,WN1 Comdty,2017-10-05,2017-10-06,168.21875,167.53125,70283515.625,418.0,-236500.0
3c09_WN1Com_218,US ULTRA BOND CBT,fi-us,WN1 Comdty,2017-10-09,2017-10-10,167.3125,167.59375,74551406.25,445.0,102656.25
3c09_WN1Com_219,US ULTRA BOND CBT,fi-us,WN1 Comdty,2017-10-27,2017-10-30,165.34375,166.84375,72488281.25,438.0,526500.0
3c09_WN1Com_220,US ULTRA BOND CBT,fi-us,WN1 Comdty,2017-11-13,2017-11-14,167.90625,168.34375,66817265.625,398.0,143500.0
3c09_NQ1Ind_150,NASDAQ 100 E-MINI,eq-us,NQ1 Index,2017-11-16,2017-11-17,8055.5,8133.75,77833035.0,483.0,685470.0
3c09_WN1Com_221,US ULTRA BOND CBT,fi-us,WN1 Comdty,2017-11-29,2017-11-30,171.34375,169.3125,81284375.0,475.0,-719062.5
3c09_NQ1Ind_151,NASDAQ 100 E-MINI,eq-us,NQ1 Index,2017-12-06,2017-12-08,8064.75,8117.5,54668835.0,339.0,367525.0
3c09_WN1Com_222,US ULTRA BOND CBT,fi-us,WN1 Comdty,2017-12-11,2017-12-12,171.15625,171.0,67532656.25,395.0,-51093.75
3c09_WN1Com_223,US ULTRA BOND CBT,fi-us,WN1 Comdty,2017-12-13,2017-12-14,170.9375,172.25,71820000.0,420.0,427875.0
3c09_NQ1Ind_152,NASDAQ 100 E-MINI,eq-us,NQ1 Index,2017-12-15,2017-12-18,8176.75,8271.0,64310520.0,393.0,672945.0
3c09_WN1Com_224,US ULTRA BOND CBT,fi-us,WN1 Comdty,2017-12-20,2017-12-21,169.65625,167.9375,58244140.625,344.0,-465781.25
3c09_NQ1Ind_153,NASDAQ 100 E-MINI,eq-us,NQ1 Index,2017-12-27,2018-01-03,8234.25,8286.25,66028660.0,401.0,443810.0
3c09_WN1Com_225,US ULTRA BOND CBT,fi-us,WN1 Comdty,2018-01-05,2018-01-08,170.78125,170.03125,58908750.0,345.0,-210750.0
3c09_WN1Com_226,US ULTRA BOND CBT,fi-us,WN1 Comdty,2018-01-09,2018-01-10,170.0625,167.5625,61848867.1875,364.0,-675000.0
3c09_WN1Com_227,US ULTRA BOND CBT,fi-us,WN1 Comdty,2018-01-11,2018-01-12,167.53125,168.09375,58437421.875,349.0,158625.0
3c09_WN1Com_228,US ULTRA BOND CBT,fi-us,WN1 Comdty,2018-01-22,2018-01-23,166.71875,166.875,65105625.0,390.0,50312.5
3c09_WN1Com_229,US ULTRA BOND CBT,fi-us,WN1 Comdty,2018-01-24,2018-01-25,167.375,166.4375,67792968.75,406.0,-306562.5
3c09_WN1Com_230,US ULTRA BOND CBT,fi-us,WN1 Comdty,2018-01-31,2018-02-01,165.34375,166.375,65662031.25,398.0,320718.75
3c09_NQ1Ind_154,NASDAQ 100 E-MINI,eq-us,NQ1 Index,2018-02-06,2018-02-12,8246.0,8207.5,25755065.0,157.0,-136135.0
3c09_WN1Com_231,US ULTRA BOND CBT,fi-us,WN1 Comdty,2018-02-14,2018-02-15,161.71875,160.28125,59213437.5,368.0,-422625.0
3c09_WN1Com_232,US ULTRA BOND CBT,fi-us,WN1 Comdty,2018-02-16,2018-02-20,160.28125,160.90625,58101953.125,362.0,186250.0
3c09_WN1Com_233,US ULTRA BOND CBT,fi-us,WN1 Comdty,2018-02-23,2018-02-26,158.96875,160.21875,59811992.1875,376.0,360000.0
3c09_WN1Com_234,US ULTRA BOND CBT,fi-us,WN1 Comdty,2018-02-27,2018-02-28,160.3125,160.1875,59481210.9375,371.0,-38250.0
3c09_NQ1Ind_155,NASDAQ 100 E-MINI,eq-us,NQ1 Index,2018-03-02,2018-03-06,8540.5,8654.25,25942600.0,152.0,355170.0
3c09_WN1Com_235,US ULTRA BOND CBT,fi-us,WN1 Comdty,2018-03-07,2018-03-08,160.625,160.5,62137968.75,386.0,-39750.0
3c09_WN1Com_236,US ULTRA BOND CBT,fi-us,WN1 Comdty,2018-03-09,2018-03-12,161.21875,160.21875,65002500.0,405.0,-331000.0
3c09_WN1Com_237,US ULTRA BOND CBT,fi-us,WN1 Comdty,2018-03-13,2018-03-14,161.0625,161.90625,66691054.6875,416.0,282656.25
3c09_NQ1Ind_156,NASDAQ 100 E-MINI,eq-us,NQ1 Index,2018-03-15,2018-03-21,8806.75,8658.5,31694400.0,180.0,-564990.0
3c09_NQ1Ind_157,NASDAQ 100 E-MINI,eq-us,NQ1 Index,2018-03-26,2018-03-27,8295.75,8521.75,27722835.0,167.0,650880.0
3c09_WN1Com_238,US ULTRA BOND CBT,fi-us,WN1 Comdty,2018-04-06,2018-04-09,162.84375,164.28125,70443437.5,432.0,470062.5
3c09_WN1Com_239,US ULTRA BOND CBT,fi-us,WN1 Comdty,2018-04-19,2018-04-20,163.3125,162.1875,74082734.375,452.0,-376875.0
3c09_NQ1Ind_158,NASDAQ 100 E-MINI,eq-us,NQ1 Index,2018-04-25,2018-04-27,8271.75,8490.75,25645525.0,155.0,694220.0
3c09_WN1Com_240,US ULTRA BOND CBT,fi-us,WN1 Comdty,2018-05-08,2018-05-09,161.59375,161.40625,75820312.5,469.0,-72562.5
3c09_WN1Com_241,US ULTRA BOND CBT,fi-us,WN1 Comdty,2018-05-10,2018-05-11,160.625,161.96875,78483789.0625,486.0,511968.75
3c09_WN1Com_242,US ULTRA BOND CBT,fi-us,WN1 Comdty,2018-05-14,2018-05-15,161.9375,161.28125,79769609.375,492.0,-264468.75
3c09_WN1Com_243,US ULTRA BOND CBT,fi-us,WN1 Comdty,2018-05-17,2018-05-18,159.09375,158.21875,70200117.1875,441.0,-315000.0
3c09_NQ1Ind_159,NASDAQ 100 E-MINI,eq-us,NQ1 Index,2018-05-25,2018-06-01,8701.0,8724.75,39686820.0,228.0,116325.0
3c09_WN1Com_244,US ULTRA BOND CBT,fi-us,WN1 Comdty,2018-06-06,2018-06-07,162.6875,161.6875,53158359.375,326.0,-257000.0
3c09_WN1Com_245,US ULTRA BOND CBT,fi-us,WN1 Comdty,2018-06-13,2018-06-14,162.3125,162.5,57056171.875,351.0,54375.0
3c09_NQ1Ind_160,NASDAQ 100 E-MINI,eq-us,NQ1 Index,2018-06-20,2018-06-21,8975.25,9036.75,54919350.0,306.0,377610.0
3c09_NQ1Ind_161,NASDAQ 100 E-MINI,eq-us,NQ1 Index,2018-06-26,2018-07-02,8785.75,8789.75,42919600.0,244.0,2040.0
3c09_WN1Com_246,US ULTRA BOND CBT,fi-us,WN1 Comdty,2018-07-03,2018-07-05,165.03125,165.875,75146093.75,455.0,313031.25
3c09_WN1Com_247,US ULTRA BOND CBT,fi-us,WN1 Comdty,2018-07-10,2018-07-11,165.875,166.15625,81693437.5,492.0,114187.5
3c09_NQ1Ind_162,NASDAQ 100 E-MINI,eq-us,NQ1 Index,2018-07-31,2018-08-03,8931.5,9113.5,38899920.0,218.0,818455.0
3c09_WN1Com_248,US ULTRA BOND CBT,fi-us,WN1 Comdty,2018-08-03,2018-08-06,161.875,162.5625,75618125.0,468.0,257125.0
3c09_WN1Com_249,US ULTRA BOND CBT,fi-us,WN1 Comdty,2018-08-09,2018-08-10,161.96875,163.125,79708046.875,492.0,442843.75
3c09_NQ1Ind_163,NASDAQ 100 E-MINI,eq-us,NQ1 Index,2018-08-13,2018-08-17,9147.0,9104.0,46657350.0,255.0,-238120.0
3c09_WN1Com_250,US ULTRA BOND CBT,fi-us,WN1 Comdty,2018-08-29,2018-08-30,164.375,164.5625,81524570.3125,496.0,76687.5
3c09_WN1Com_251,US ULTRA BOND CBT,fi-us,WN1 Comdty,2018-09-12,2018-09-13,161.9375,162.3125,78276796.875,484.0,147750.0
3c09_WN1Com_252,US ULTRA BOND CBT,fi-us,WN1 Comdty,2018-09-21,2018-09-24,159.90625,159.8125,77725781.25,488.0,-37406.25
3c09_WN1Com_253,US ULTRA BOND CBT,fi-us,WN1 Comdty,2018-10-02,2018-10-03,158.875,159.34375,84485351.5625,531.0,197812.5
3c09_NQ1Ind_164,NASDAQ 100 E-MINI,eq-us,NQ1 Index,2018-10-09,2018-10-15,9084.5,8870.25,47061595.0,259.0,-1474745.0
3c09_NQ1Ind_165,NASDAQ 100 E-MINI,eq-us,NQ1 Index,2018-10-22,2018-10-26,8779.25,8575.5,22528000.0,128.0,-577010.0
3c09_WN1Com_254,US ULTRA BOND CBT,fi-us,WN1 Comdty,2018-11-02,2018-11-05,155.53125,153.5,72550156.25,468.0,-708906.25
3c09_NQ1Ind_166,NASDAQ 100 E-MINI,eq-us,NQ1 Index,2018-11-13,2018-11-19,8540.5,8568.5,20468400.0,120.0,76655.0
3c09_NQ1Ind_167,NASDAQ 100 E-MINI,eq-us,NQ1 Index,2018-11-21,2018-11-27,8221.25,8333.0,20071440.0,122.0,290755.0
3c09_WN1Com_255,US ULTRA BOND CBT,fi-us,WN1 Comdty,2018-11-29,2018-11-30,156.375,156.96875,95655625.0,610.0,299250.0
3c09_WN1Com_256,US ULTRA BOND CBT,fi-us,WN1 Comdty,2018-12-03,2018-12-04,157.03125,158.8125,101244843.75,645.0,892406.25
3c09_NQ1Ind_168,NASDAQ 100 E-MINI,eq-us,NQ1 Index,2018-12-07,2018-12-12,8526.25,8374.0,21295000.0,125.0,-368820.0
3c09_WN1Com_257,US ULTRA BOND CBT,fi-us,WN1 Comdty,2018-12-13,2018-12-14,161.875,161.34375,80128125.0,495.0,-213562.5
3c09_NQ1Ind_169,NASDAQ 100 E-MINI,eq-us,NQ1 Index,2018-12-18,2018-12-24,8163.5,7716.75,21369375.0,131.0,-1240305.0
3c09_NQ1Ind_170,NASDAQ 100 E-MINI,eq-us,NQ1 Index,2018-12-26,2018-12-27,7569.0,7950.0,19754880.0,128.0,739140.0
3c09_WN1Com_258,US ULTRA BOND CBT,fi-us,WN1 Comdty,2018-12-31,2019-01-02,165.15625,165.21875,79979531.25,485.0,24875.0
3c09_NQ1Ind_171,NASDAQ 100 E-MINI,eq-us,NQ1 Index,2019-01-04,2019-01-07,7835.75,8118.25,16597480.0,106.0,548050.0
3c09_WN1Com_259,US ULTRA BOND CBT,fi-us,WN1 Comdty,2019-01-09,2019-01-10,165.84375,165.84375,61916484.375,372.0,0.0
3c09_WN1Com_260,US ULTRA BOND CBT,fi-us,WN1 Comdty,2019-01-11,2019-01-14,164.25,165.09375,62606015.625,378.0,262406.25
3c09_WN1Com_261,US ULTRA BOND CBT,fi-us,WN1 Comdty,2019-01-18,2019-01-22,163.96875,163.3125,71107890.625,434.0,-231656.25
3c09_WN1Com_262,US ULTRA BOND CBT,fi-us,WN1 Comdty,2019-02-04,2019-02-05,165.28125,164.5,75131875.0,455.0,-285937.5
3c09_WN1Com_263,US ULTRA BOND CBT,fi-us,WN1 Comdty,2019-02-06,2019-02-07,165.1875,165.125,76081250.0,462.0,-23875.0
3c09_NQ1Ind_172,NASDAQ 100 E-MINI,eq-us,NQ1 Index,2019-02-11,2019-02-13,8588.75,8684.25,26437950.0,154.0,305600.0
3c09_WN1Com_264,US ULTRA BOND CBT,fi-us,WN1 Comdty,2019-02-14,2019-02-15,165.90625,166.5625,80605078.125,488.0,259218.75
3c09_WN1Com_265,US ULTRA BOND CBT,fi-us,WN1 Comdty,2019-02-25,2019-02-26,165.5625,165.3125,81937968.75,495.0,-101500.0
3c09_WN1Com_266,US ULTRA BOND CBT,fi-us,WN1 Comdty,2019-03-04,2019-03-05,162.0,163.1875,72564921.875,448.0,414437.5
3c09_NQ1Ind_173,NASDAQ 100 E-MINI,eq-us,NQ1 Index,2019-03-07,2019-03-12,8777.5,8840.5,42315985.0,241.0,314830.0
3c09_WN1Com_267,US ULTRA BOND CBT,fi-us,WN1 Comdty,2019-03-18,2019-03-19,165.8125,165.6875,73095820.3125,441.0,-45625.0
3c09_WN1Com_268,US ULTRA BOND CBT,fi-us,WN1 Comdty,2019-03-20,2019-03-21,165.46875,167.0625,77044687.5,465.0,554625.0
3c09_NQ1Ind_174,NASDAQ 100 E-MINI,eq-us,NQ1 Index,2019-03-27,2019-04-01,9024.0,9070.5,38593830.0,214.0,216270.0
3c09_WN1Com_269,US ULTRA BOND CBT,fi-us,WN1 Comdty,2019-04-02,2019-04-03,169.6875,169.9375,61890312.5,365.0,75500.0
3c09_WN1Com_270,US ULTRA BOND CBT,fi-us,WN1 Comdty,2019-04-04,2019-04-05,168.28125,168.5,62452031.25,368.0,66500.0
3c09_WN1Com_271,US ULTRA BOND CBT,fi-us,WN1 Comdty,2019-04-15,2019-04-16,166.96875,167.28125,70414570.3125,421.0,108437.5
3c09_NQ1Ind_175,NASDAQ 100 E-MINI,eq-us,NQ1 Index,2019-04-29,2019-05-03,9477.75,9379.5,59918340.0,316.0,-631440.0
3c09_NQ1Ind_176,NASDAQ 100 E-MINI,eq-us,NQ1 Index,2019-05-09,2019-05-15,9280.25,9069.75,45882720.0,247.0,-1284600.0
3c09_WN1Com_272,US ULTRA BOND CBT,fi-us,WN1 Comdty,2019-05-17,2019-05-20,171.25,171.15625,85500000.0,500.0,-38531.25
3c09_NQ1Ind_177,NASDAQ 100 E-MINI,eq-us,NQ1 Index,2019-05-31,2019-06-05,8892.25,8829.5,32736360.0,184.0,-247065.0
3c09_WN1Com_273,US ULTRA BOND CBT,fi-us,WN1 Comdty,2019-06-07,2019-06-10,177.9375,178.0,64400390.625,362.0,18000.0
3c09_WN1Com_274,US ULTRA BOND CBT,fi-us,WN1 Comdty,2019-06-11,2019-06-12,177.375,177.84375,59852500.0,336.0,130312.5
3c09_NQ1Ind_178,NASDAQ 100 E-MINI,eq-us,NQ1 Index,2019-06-17,2019-06-18,9123.0,9185.5,31736730.0,174.0,222500.0
3c09_WN1Com_275,US ULTRA BOND CBT,fi-us,WN1 Comdty,2019-06-20,2019-06-21,180.375,180.21875,74630156.25,414.0,-53437.5
3c09_WN1Com_276,US ULTRA BOND CBT,fi-us,WN1 Comdty,2019-06-24,2019-06-25,178.8125,180.0625,66455664.0625,369.0,367500.0
3c09_WN1Com_277,US ULTRA BOND CBT,fi-us,WN1 Comdty,2019-07-12,2019-07-15,176.625,176.90625,53801718.75,304.0,70312.5
3c09_NQ1Ind_179,NASDAQ 100 E-MINI,eq-us,NQ1 Index,2019-07-18,2019-07-24,9483.0,9559.0,46172430.0,243.0,351530.0
3c09_WN1Com_278,US ULTRA BOND CBT,fi-us,WN1 Comdty,2019-07-25,2019-07-26,179.21875,178.0625,62224218.75,348.0,-326062.5
3c09_NQ1Ind_180,NASDAQ 100 E-MINI,eq-us,NQ1 Index,2019-08-01,2019-08-07,9449.0,9127.75,46270940.0,244.0,-1733640.0
3c09_WN1Com_279,US ULTRA BOND CBT,fi-us,WN1 Comdty,2019-09-12,2019-09-13,190.875,189.5625,38268750.0,200.0,-210000.0
3c09_WN1Com_280,US ULTRA BOND CBT,fi-us,WN1 Comdty,2019-09-16,2019-09-17,186.25,187.3125,35542968.75,188.0,155125.0
3c09_NQ1Ind_181,NASDAQ 100 E-MINI,eq-us,NQ1 Index,2019-09-19,2019-09-25,9521.5,9334.75,35203650.0,185.0,-725430.0
3c09_NQ1Ind_182,NASDAQ 100 E-MINI,eq-us,NQ1 Index,2019-10-04,2019-10-07,9253.25,9309.0,32762700.0,177.0,194010.0
3c09_WN1Com_281,US ULTRA BOND CBT,fi-us,WN1 Comdty,2019-10-08,2019-10-09,196.78125,197.65625,44796171.875,228.0,164500.0
3c09_WN1Com_282,US ULTRA BOND CBT,fi-us,WN1 Comdty,2019-10-14,2019-10-15,191.125,192.34375,42189609.375,221.0,216937.5
3c09_WN1Com_283,US ULTRA BOND CBT,fi-us,WN1 Comdty,2019-10-18,2019-10-21,189.8125,189.6875,44776757.8125,236.0,-24375.0
3c09_WN1Com_284,US ULTRA BOND CBT,fi-us,WN1 Comdty,2019-10-28,2019-10-29,187.9375,186.34375,50935664.0625,271.0,-344250.0
3c09_NQ1Ind_183,NASDAQ 100 E-MINI,eq-us,NQ1 Index,2019-11-01,2019-11-04,9690.75,9761.5,42427965.0,219.0,314130.0
3c09_WN1Com_285,US ULTRA BOND CBT,fi-us,WN1 Comdty,2019-11-06,2019-11-07,186.15625,186.84375,42061289.0625,226.0,123062.5
3c09_WN1Com_286,US ULTRA BOND CBT,fi-us,WN1 Comdty,2019-11-12,2019-11-13,183.21875,183.125,40294375.0,220.0,-16593.75
3c09_NQ1Ind_184,NASDAQ 100 E-MINI,eq-us,NQ1 Index,2019-11-14,2019-11-18,9865.5,9915.25,55425845.0,281.0,288550.0
3c09_NQ1Ind_185,NASDAQ 100 E-MINI,eq-us,NQ1 Index,2019-11-21,2019-11-26,9858.0,9970.75,60911620.0,308.0,731850.0
3c09_WN1Com_287,US ULTRA BOND CBT,fi-us,WN1 Comdty,2019-12-09,2019-12-10,187.59375,188.625,40346093.75,215.0,182531.25
3c09_WN1Com_288,US ULTRA BOND CBT,fi-us,WN1 Comdty,2019-12-19,2019-12-20,185.28125,185.21875,40278281.25,218.0,-11187.5
3c09_WN1Com_289,US ULTRA BOND CBT,fi-us,WN1 Comdty,2019-12-23,2019-12-24,185.5,185.15625,42831835.9375,231.0,-65656.25
3c09_WN1Com_290,US ULTRA BOND CBT,fi-us,WN1 Comdty,2020-01-03,2020-01-06,186.03125,189.21875,49903515.625,269.0,621562.5
3c09_WN1Com_291,US ULTRA BOND CBT,fi-us,WN1 Comdty,2020-01-09,2020-01-10,184.8125,185.71875,46457695.3125,251.0,185781.25
3c09_NQ1Ind_186,NASDAQ 100 E-MINI,eq-us,NQ1 Index,2020-01-24,2020-01-29,10828.25,10695.75,68194350.0,315.0,-933990.0
3c09_WN1Com_292,US ULTRA BOND CBT,fi-us,WN1 Comdty,2020-02-06,2020-02-07,192.28125,193.25,47147187.5,245.0,195687.5
3c09_WN1Com_293,US ULTRA BOND CBT,fi-us,WN1 Comdty,2020-02-13,2020-02-14,193.96875,194.75,48961328.125,252.0,162500.0
3c09_NQ1Ind_187,NASDAQ 100 E-MINI,eq-us,NQ1 Index,2020-02-19,2020-02-20,11219.5,11321.0,39242875.0,175.0,361340.0
3c09_NQ1Ind_188,NASDAQ 100 E-MINI,eq-us,NQ1 Index,2020-02-25,2020-03-02,10667.25,9925.5,24748020.0,116.0,-1658615.0
3c09_NQ1Ind_189,NASDAQ 100 E-MINI,eq-us,NQ1 Index,2020-03-10,2020-03-16,9450.75,9499.5,12754455.0,67.0,-100170.0
3c09_NQ1Ind_190,NASDAQ 100 E-MINI,eq-us,NQ1 Index,2020-03-24,2020-03-25,8585.5,9124.5,7536540.0,44.0,441980.0
3c09_WN1Com_294,US ULTRA BOND CBT,fi-us,WN1 Comdty,2020-03-27,2020-03-30,220.71875,227.9375,13062695.3125,59.0,346500.0
3c09_WN1Com_295,US ULTRA BOND CBT,fi-us,WN1 Comdty,2020-04-09,2020-04-13,222.875,223.90625,16783593.75,75.0,63937.5
3c09_WN1Com_296,US ULTRA BOND CBT,fi-us,WN1 Comdty,2020-04-14,2020-04-15,222.0625,222.1875,17912500.0,80.0,8250.0
3c09_WN1Com_297,US ULTRA BOND CBT,fi-us,WN1 Comdty,2020-05-07,2020-05-08,221.53125,224.09375,25110312.5,114.0,230625.0
3c09_WN1Com_298,US ULTRA BOND CBT,fi-us,WN1 Comdty,2020-05-11,2020-05-12,221.96875,220.3125,25490664.0625,114.0,-154031.25
3c09_NQ1Ind_191,NASDAQ 100 E-MINI,eq-us,NQ1 Index,2020-05-15,2020-05-19,10665.25,10896.0,17054800.0,80.0,378430.0
3c09_WN1Com_299,US ULTRA BOND CBT,fi-us,WN1 Comdty,2020-05-19,2020-05-20,220.65625,222.34375,25861015.625,118.0,163687.5
3c09_WN1Com_300,US ULTRA BOND CBT,fi-us,WN1 Comdty,2020-05-28,2020-05-29,220.28125,219.84375,30387500.0,138.0,-49000.0
3c09_WN1Com_301,US ULTRA BOND CBT,fi-us,WN1 Comdty,2020-06-04,2020-06-05,216.9375,212.59375,31883046.875,148.0,-516906.25
3c09_WN1Com_302,US ULTRA BOND CBT,fi-us,WN1 Comdty,2020-06-08,2020-06-09,210.90625,212.21875,32154804.6875,151.0,162750.0
3c09_NQ1Ind_192,NASDAQ 100 E-MINI,eq-us,NQ1 Index,2020-06-12,2020-06-17,11208.25,11549.25,19490175.0,87.0,620320.0
3c09_WN1Com_303,US ULTRA BOND CBT,fi-us,WN1 Comdty,2020-06-17,2020-06-18,216.28125,216.8125,30873515.625,142.0,62156.25
3c09_NQ1Ind_193,NASDAQ 100 E-MINI,eq-us,NQ1 Index,2020-06-22,2020-06-23,11465.75,11719.25,23272925.0,101.0,507000.0
3c09_NQ1Ind_194,NASDAQ 100 E-MINI,eq-us,NQ1 Index,2020-06-29,2020-07-01,11383.25,11738.75,22467970.0,98.0,711000.0
3c09_WN1Com_304,US ULTRA BOND CBT,fi-us,WN1 Comdty,2020-07-02,2020-07-06,221.375,221.4375,40879218.75,185.0,9562.5
3c09_WN1Com_305,US ULTRA BOND CBT,fi-us,WN1 Comdty,2020-07-07,2020-07-08,220.65625,223.4375,43733906.25,198.0,436656.25
3c09_NQ1Ind_195,NASDAQ 100 E-MINI,eq-us,NQ1 Index,2020-07-24,2020-07-28,12163.25,12280.25,23077400.0,95.0,226690.0
3c09_WN1Com_306,US ULTRA BOND CBT,fi-us,WN1 Comdty,2020-08-03,2020-08-04,231.46875,229.8125,61570312.5,266.0,-337875.0
3c09_WN1Com_307,US ULTRA BOND CBT,fi-us,WN1 Comdty,2020-08-13,2020-08-14,223.875,221.75,49348750.0,220.0,-367625.0
3c09_WN1Com_308,US ULTRA BOND CBT,fi-us,WN1 Comdty,2020-08-17,2020-08-18,222.46875,222.03125,49616562.5,224.0,-80062.5
3c09_WN1Com_309,US ULTRA BOND CBT,fi-us,WN1 Comdty,2020-08-25,2020-08-26,225.125,223.375,55552460.9375,246.0,-341250.0
3c09_WN1Com_310,US ULTRA BOND CBT,fi-us,WN1 Comdty,2020-08-27,2020-08-28,222.4375,218.21875,55843750.0,250.0,-738281.25
3c09_WN1Com_311,US ULTRA BOND CBT,fi-us,WN1 Comdty,2020-08-31,2020-09-01,218.875,220.21875,49371992.1875,226.0,229781.25
3c09_NQ1Ind_196,NASDAQ 100 E-MINI,eq-us,NQ1 Index,2020-09-09,2020-09-15,12621.75,12875.25,16709220.0,66.0,333130.0
3c09_NQ1Ind_197,NASDAQ 100 E-MINI,eq-us,NQ1 Index,2020-09-21,2020-09-23,12530.75,12771.25,17552850.0,70.0,346540.0
3c09_WN1Com_312,US ULTRA BOND CBT,fi-us,WN1 Comdty,2020-09-29,2020-09-30,223.59375,223.6875,55517890.625,249.0,19031.25
3c09_WN1Com_313,US ULTRA BOND CBT,fi-us,WN1 Comdty,2020-10-12,2020-10-13,217.21875,218.21875,52939453.125,244.0,198000.0
3c09_NQ1Ind_198,NASDAQ 100 E-MINI,eq-us,NQ1 Index,2020-10-16,2020-10-22,13501.75,13294.25,20496820.0,76.0,-322135.0
3c09_WN1Com_314,US ULTRA BOND CBT,fi-us,WN1 Comdty,2020-10-23,2020-10-26,213.03125,214.78125,58573945.3125,274.0,392000.0
3c09_NQ1Ind_199,NASDAQ 100 E-MINI,eq-us,NQ1 Index,2020-10-28,2020-11-03,13169.25,12685.5,24285700.0,92.0,-755670.0
3c09_WN1Com_315,US ULTRA BOND CBT,fi-us,WN1 Comdty,2020-11-06,2020-11-09,220.375,216.78125,48536718.75,221.0,-628906.25
3c09_WN1Com_316,US ULTRA BOND CBT,fi-us,WN1 Comdty,2020-11-10,2020-11-11,212.53125,211.15625,36581835.9375,169.0,-191125.0
3c09_NQ1Ind_200,NASDAQ 100 E-MINI,eq-us,NQ1 Index,2020-11-20,2020-11-25,13570.75,13709.25,21756800.0,80.0,235320.0
3c09_WN1Com_317,US ULTRA BOND CBT,fi-us,WN1 Comdty,2020-11-27,2020-11-30,215.90625,217.875,43997265.625,204.0,320906.25
3c09_WN1Com_318,US ULTRA BOND CBT,fi-us,WN1 Comdty,2020-12-02,2020-12-03,214.0,213.0625,39787656.25,186.0,-143437.5
3c09_NQ1Ind_201,NASDAQ 100 E-MINI,eq-us,NQ1 Index,2020-12-10,2020-12-15,13954.75,14086.0,27957500.0,100.0,277230.0
3c09_WN1Com_319,US ULTRA BOND CBT,fi-us,WN1 Comdty,2020-12-17,2020-12-18,214.65625,213.59375,47444296.875,221.0,-193375.0
3c09_WN1Com_320,US ULTRA BOND CBT,fi-us,WN1 Comdty,2020-12-21,2020-12-22,213.5,214.1875,49927539.0625,234.0,132000.0
3c09_NQ1Ind_202,NASDAQ 100 E-MINI,eq-us,NQ1 Index,2021-01-05,2021-01-08,14296.25,14540.5,38321320.0,134.0,615040.0
3c09_WN1Com_321,US ULTRA BOND CBT,fi-us,WN1 Comdty,2021-01-08,2021-01-11,206.90625,206.15625,46666406.25,225.0,-139500.0
3c09_WN1Com_322,US ULTRA BOND CBT,fi-us,WN1 Comdty,2021-01-22,2021-01-25,206.15625,207.0625,51570312.5,250.0,185781.25
3c09_NQ1Ind_203,NASDAQ 100 E-MINI,eq-us,NQ1 Index,2021-01-28,2021-02-02,14666.0,14846.0,27377340.0,93.0,307530.0
3c09_WN1Com_323,US ULTRA BOND CBT,fi-us,WN1 Comdty,2021-02-04,2021-02-05,204.0625,203.40625,55768828.125,272.0,-147000.0
3c09_WN1Com_324,US ULTRA BOND CBT,fi-us,WN1 Comdty,2021-02-08,2021-02-09,201.9375,202.84375,57716523.4375,284.0,205718.75
3c09_WN1Com_325,US ULTRA BOND CBT,fi-us,WN1 Comdty,2021-02-10,2021-02-11,202.96875,204.4375,59331796.875,292.0,346625.0
3c09_WN1Com_326,US ULTRA BOND CBT,fi-us,WN1 Comdty,2021-02-17,2021-02-18,197.125,199.59375,52140078.125,264.0,523375.0
3c09_NQ1Ind_204,NASDAQ 100 E-MINI,eq-us,NQ1 Index,2021-03-05,2021-03-10,14038.5,14423.5,20540010.0,73.0,520025.0
3c09_WN1Com_327,US ULTRA BOND CBT,fi-us,WN1 Comdty,2021-03-16,2021-03-17,187.25,186.40625,42528281.25,228.0,-158625.0
3c09_WN1Com_328,US ULTRA BOND CBT,fi-us,WN1 Comdty,2021-03-18,2021-03-19,184.875,183.8125,44504492.1875,239.0,-209312.5
3c09_NQ1Ind_205,NASDAQ 100 E-MINI,eq-us,NQ1 Index,2021-03-25,2021-03-29,14426.5,14599.25,19896150.0,69.0,245305.0
3c09_WN1Com_329,US ULTRA BOND CBT,fi-us,WN1 Comdty,2021-03-30,2021-03-31,185.5,186.75,45325000.0,245.0,247500.0
3c09_WN1Com_330,US ULTRA BOND CBT,fi-us,WN1 Comdty,2021-04-05,2021-04-06,187.1875,187.75,43513828.125,232.0,108000.0
3c09_WN1Com_331,US ULTRA BOND CBT,fi-us,WN1 Comdty,2021-04-12,2021-04-13,188.53125,188.375,49221132.8125,261.0,-33750.0
3c09_WN1Com_332,US ULTRA BOND CBT,fi-us,WN1 Comdty,2021-04-14,2021-04-15,189.71875,189.0625,50861250.0,270.0,-145687.5
3c09_WN1Com_333,US ULTRA BOND CBT,fi-us,WN1 Comdty,2021-04-28,2021-04-29,189.6875,189.78125,49572187.5,261.0,20250.0
3c09_NQ1Ind_206,NASDAQ 100 E-MINI,eq-us,NQ1 Index,2021-05-05,2021-05-10,15149.25,15341.5,30925380.0,102.0,406460.0
3c09_WN1Com_334,US ULTRA BOND CBT,fi-us,WN1 Comdty,2021-06-15,2021-06-16,193.96875,193.71875,67790625.0,350.0,-72000.0
3c09_NQ1Ind_207,NASDAQ 100 E-MINI,eq-us,NQ1 Index,2021-06-21,2021-06-23,15657.5,15908.75,37294005.0,119.0,608655.0
3c09_WN1Com_335,US ULTRA BOND CBT,fi-us,WN1 Comdty,2021-06-24,2021-06-25,196.3125,196.8125,51033125.0,260.0,107500.0
3c09_WN1Com_336,US ULTRA BOND CBT,fi-us,WN1 Comdty,2021-06-28,2021-06-29,194.5625,196.78125,48219062.5,245.0,417125.0
3c09_NQ1Ind_208,NASDAQ 100 E-MINI,eq-us,NQ1 Index,2021-07-09,2021-07-13,16345.0,16514.75,48714060.0,149.0,517115.0
3c09_WN1Com_337,US ULTRA BOND CBT,fi-us,WN1 Comdty,2021-07-14,2021-07-15,198.8125,201.65625,47797500.0,240.0,546000.0
3c09_NQ1Ind_209,NASDAQ 100 E-MINI,eq-us,NQ1 Index,2021-07-19,2021-07-21,16309.75,16364.5,50872380.0,156.0,164225.0
3c09_WN1Com_338,US ULTRA BOND CBT,fi-us,WN1 Comdty,2021-07-23,2021-07-26,204.0,203.71875,41417578.125,202.0,-46406.25
3c09_WN1Com_339,US ULTRA BOND CBT,fi-us,WN1 Comdty,2021-07-27,2021-07-28,202.9375,204.65625,43290234.375,212.0,299062.5
3c09_WN1Com_340,US ULTRA BOND CBT,fi-us,WN1 Comdty,2021-08-06,2021-08-09,206.0625,202.875,53085234.375,258.0,-608812.5
3c09_WN1Com_341,US ULTRA BOND CBT,fi-us,WN1 Comdty,2021-08-10,2021-08-11,201.9375,201.09375,49197187.5,242.0,-167906.25
3c09_NQ1Ind_210,NASDAQ 100 E-MINI,eq-us,NQ1 Index,2021-08-18,2021-08-23,16605.0,16724.75,57880230.0,174.0,397895.0
3c09_WN1Com_342,US ULTRA BOND CBT,fi-us,WN1 Comdty,2021-08-24,2021-08-25,206.34375,204.53125,58816875.0,285.0,-409625.0
3c09_WN1Com_343,US ULTRA BOND CBT,fi-us,WN1 Comdty,2021-08-26,2021-08-27,203.21875,203.3125,55479101.5625,271.0,20906.25
3c09_WN1Com_344,US ULTRA BOND CBT,fi-us,WN1 Comdty,2021-09-01,2021-09-02,204.0,204.6875,59998437.5,294.0,166375.0
3c09_NQ1Ind_211,NASDAQ 100 E-MINI,eq-us,NQ1 Index,2021-09-13,2021-09-17,17088.25,17143.0,56703110.0,166.0,195200.0
3c09_NQ1Ind_212,NASDAQ 100 E-MINI,eq-us,NQ1 Index,2021-09-21,2021-09-23,16637.25,16823.5,42303065.0,127.0,487090.0
3c09_WN1Com_345,US ULTRA BOND CBT,fi-us,WN1 Comdty,2021-09-24,2021-09-27,203.46875,201.96875,53574609.375,262.0,-304500.0
3c09_NQ1Ind_213,NASDAQ 100 E-MINI,eq-us,NQ1 Index,2021-09-30,2021-10-06,16415.0,16307.25,33753100.0,103.0,-261085.0
3c09_WN1Com_346,US ULTRA BOND CBT,fi-us,WN1 Comdty,2021-10-08,2021-10-11,196.75,195.40625,51376445.3125,261.0,-288906.25
3c09_NQ1Ind_214,NASDAQ 100 E-MINI,eq-us,NQ1 Index,2021-10-13,2021-10-15,16239.25,16709.0,34878790.0,107.0,1009890.0
3c09_WN1Com_347,US ULTRA BOND CBT,fi-us,WN1 Comdty,2021-10-19,2021-10-20,199.875,198.09375,52154375.0,260.0,-350906.25
3c09_WN1Com_348,US ULTRA BOND CBT,fi-us,WN1 Comdty,2021-10-21,2021-10-22,196.46875,195.96875,50266289.0625,254.0,-104500.0
3c09_WN1Com_349,US ULTRA BOND CBT,fi-us,WN1 Comdty,2021-11-02,2021-11-03,202.28125,202.34375,48992578.125,242.0,12500.0
3c09_WN1Com_350,US ULTRA BOND CBT,fi-us,WN1 Comdty,2021-11-04,2021-11-05,200.03125,202.3125,51597656.25,255.0,474500.0
3c09_NQ1Ind_215,NASDAQ 100 E-MINI,eq-us,NQ1 Index,2021-11-10,2021-11-15,17846.5,17857.5,46073640.0,129.0,40070.0
3c09_WN1Com_351,US ULTRA BOND CBT,fi-us,WN1 Comdty,2021-11-15,2021-11-16,203.15625,201.09375,44310546.875,219.0,-358875.0
3c09_WN1Com_352,US ULTRA BOND CBT,fi-us,WN1 Comdty,2021-11-17,2021-11-18,199.8125,201.5625,45246093.75,225.0,322000.0
3c09_NQ1Ind_216,NASDAQ 100 E-MINI,eq-us,NQ1 Index,2021-11-29,2021-12-03,17691.75,17664.5,37869975.0,107.0,-54995.0
3c09_NQ1Ind_217,NASDAQ 100 E-MINI,eq-us,NQ1 Index,2021-12-06,2021-12-08,17369.5,17998.25,29676360.0,84.0,1072025.0
3c09_WN1Com_353,US ULTRA BOND CBT,fi-us,WN1 Comdty,2021-12-09,2021-12-10,204.0,204.71875,34546289.0625,169.0,99906.25
3c09_NQ1Ind_218,NASDAQ 100 E-MINI,eq-us,NQ1 Index,2021-12-21,2021-12-22,17313.75,17618.5,23474620.0,68.0,396175.0
3c09_WN1Com_354,US ULTRA BOND CBT,fi-us,WN1 Comdty,2021-12-27,2021-12-28,204.09375,204.65625,41303671.875,202.0,93937.5
3c09_WN1Com_355,US ULTRA BOND CBT,fi-us,WN1 Comdty,2021-12-29,2021-12-30,204.0625,201.90625,44001093.75,215.0,-370875.0
3c09_NQ1Ind_219,NASDAQ 100 E-MINI,eq-us,NQ1 Index,2022-01-07,2022-01-12,17441.25,17465.5,23661960.0,68.0,46645.0
3c09_WN1Com_356,US ULTRA BOND CBT,fi-us,WN1 Comdty,2022-01-13,2022-01-14,197.15625,198.625,43745273.4375,221.0,265843.75
3c09_NQ1Ind_220,NASDAQ 100 E-MINI,eq-us,NQ1 Index,2022-01-21,2022-01-27,16361.5,15833.5,23072700.0,70.0,-713305.0
3c09_WN1Com_357,US ULTRA BOND CBT,fi-us,WN1 Comdty,2022-02-02,2022-02-03,195.8125,196.125,46209023.4375,236.0,60000.0
3c09_WN1Com_358,US ULTRA BOND CBT,fi-us,WN1 Comdty,2022-02-17,2022-02-18,187.4375,189.28125,45784375.0,245.0,354000.0
3c09_NQ1Ind_221,NASDAQ 100 E-MINI,eq-us,NQ1 Index,2022-02-22,2022-02-28,15592.25,15539.75,17199050.0,55.0,-53500.0
3c09_NQ1Ind_222,NASDAQ 100 E-MINI,eq-us,NQ1 Index,2022-03-08,2022-03-10,14908.75,15410.25,16155450.0,54.0,558660.0
3c09_WN1Com_359,US ULTRA BOND CBT,fi-us,WN1 Comdty,2022-03-11,2022-03-14,186.65625,187.28125,33910781.25,182.0,92500.0
3c09_WN1Com_360,US ULTRA BOND CBT,fi-us,WN1 Comdty,2022-03-17,2022-03-18,183.6875,182.90625,33769804.6875,184.0,-117968.75
3c09_WN1Com_361,US ULTRA BOND CBT,fi-us,WN1 Comdty,2022-03-21,2022-03-22,184.59375,181.4375,33837656.25,185.0,-445031.25
3c09_WN1Com_362,US ULTRA BOND CBT,fi-us,WN1 Comdty,2022-03-23,2022-03-24,178.875,182.5625,32658750.0,180.0,516250.0
3c09_WN1Com_363,US ULTRA BOND CBT,fi-us,WN1 Comdty,2022-03-29,2022-03-30,180.59375,181.9375,32366250.0,180.0,194843.75
3c09_NQ1Ind_223,NASDAQ 100 E-MINI,eq-us,NQ1 Index,2022-04-04,2022-04-05,16485.75,16795.25,19804200.0,60.0,371400.0
3c09_NQ1Ind_224,NASDAQ 100 E-MINI,eq-us,NQ1 Index,2022-04-13,2022-04-20,15592.5,15744.5,19013395.0,61.0,188310.0
3c09_WN1Com_364,US ULTRA BOND CBT,fi-us,WN1 Comdty,2022-04-19,2022-04-20,167.5,166.1875,34514648.4375,206.0,-224437.5
3c09_NQ1Ind_225,NASDAQ 100 E-MINI,eq-us,NQ1 Index,2022-04-25,2022-04-29,14974.0,14859.25,17991900.0,60.0,-126740.0
3c09_NQ1Ind_226,NASDAQ 100 E-MINI,eq-us,NQ1 Index,2022-05-10,2022-05-16,13845.75,14048.75,12726820.0,46.0,203730.0
3c09_NQ1Ind_227,NASDAQ 100 E-MINI,eq-us,NQ1 Index,2022-05-23,2022-05-26,13505.75,13527.25,12671670.0,47.0,21875.0
3c09_WN1Com_365,US ULTRA BOND CBT,fi-us,WN1 Comdty,2022-05-31,2022-06-01,164.84375,162.34375,32301523.4375,196.0,-390000.0
3c09_NQ1Ind_228,NASDAQ 100 E-MINI,eq-us,NQ1 Index,2022-06-10,2022-06-16,13943.25,13255.5,15027120.0,54.0,-736495.0
3c09_WN1Com_366,US ULTRA BOND CBT,fi-us,WN1 Comdty,2022-06-28,2022-06-29,155.65625,156.5,28865781.25,185.0,129093.75
3c09_NQ1Ind_229,NASDAQ 100 E-MINI,eq-us,NQ1 Index,2022-06-30,2022-07-06,13300.75,13429.5,14364270.0,54.0,150220.0
3c09_WN1Com_367,US ULTRA BOND CBT,fi-us,WN1 Comdty,2022-07-07,2022-07-08,160.25,158.78125,29486132.8125,184.0,-217375.0
3c09_WN1Com_368,US ULTRA BOND CBT,fi-us,WN1 Comdty,2022-07-11,2022-07-12,157.0,159.0625,29573007.8125,186.0,301125.0
3c09_NQ1Ind_230,NASDAQ 100 E-MINI,eq-us,NQ1 Index,2022-07-14,2022-07-18,13338.75,13652.75,17382950.0,65.0,420760.0
3c09_WN1Com_369,US ULTRA BOND CBT,fi-us,WN1 Comdty,2022-07-19,2022-07-20,159.65625,159.125,32275468.75,201.0,-87656.25
3c09_WN1Com_370,US ULTRA BOND CBT,fi-us,WN1 Comdty,2022-07-21,2022-07-22,159.65625,162.875,33814062.5,212.0,527875.0
3c09_NQ1Ind_231,NASDAQ 100 E-MINI,eq-us,NQ1 Index,2022-07-27,2022-07-28,13801.25,14189.25,18936015.0,69.0,481120.0
3c09_WN1Com_371,US ULTRA BOND CBT,fi-us,WN1 Comdty,2022-08-01,2022-08-02,163.75,166.78125,37096875.0,225.0,551687.5
3c09_WN1Com_372,US ULTRA BOND CBT,fi-us,WN1 Comdty,2022-08-05,2022-08-08,165.1875,162.125,39697500.0,240.0,-542062.5
3c09_WN1Com_373,US ULTRA BOND CBT,fi-us,WN1 Comdty,2022-08-15,2022-08-16,160.46875,160.84375,33698437.5,210.0,64875.0
3c09_WN1Com_374,US ULTRA BOND CBT,fi-us,WN1 Comdty,2022-08-17,2022-08-18,159.90625,159.21875,35787734.375,222.0,-125125.0
3c09_NQ1Ind_232,NASDAQ 100 E-MINI,eq-us,NQ1 Index,2022-08-23,2022-08-26,14543.0,14763.0,20616980.0,71.0,334685.0
3c09_NQ1Ind_233,NASDAQ 100 E-MINI,eq-us,NQ1 Index,2022-08-30,2022-09-06,14112.75,13714.75,18614640.0,66.0,-559605.0
3c09_WN1Com_375,US ULTRA BOND CBT,fi-us,WN1 Comdty,2022-09-09,2022-09-12,150.53125,151.03125,33316250.0,220.0,91000.0
3c09_WN1Com_376,US ULTRA BOND CBT,fi-us,WN1 Comdty,2022-09-13,2022-09-14,149.625,150.75,35114765.625,232.0,214875.0
3c09_NQ1Ind_234,NASDAQ 100 E-MINI,eq-us,NQ1 Index,2022-09-16,2022-09-20,13486.75,13581.0,16522155.0,61.0,119190.0
3c09_WN1Com_377,US ULTRA BOND CBT,fi-us,WN1 Comdty,2022-09-21,2022-09-22,148.46875,150.15625,39294531.25,265.0,349312.5
3c09_NQ1Ind_235,NASDAQ 100 E-MINI,eq-us,NQ1 Index,2022-10-03,2022-10-05,12565.25,13165.5,18353295.0,73.0,853405.0
3c09_WN1Com_378,US ULTRA BOND CBT,fi-us,WN1 Comdty,2022-10-06,2022-10-07,143.90625,143.15625,32150078.125,224.0,-138750.0
3c09_WN1Com_379,US ULTRA BOND CBT,fi-us,WN1 Comdty,2022-10-20,2022-10-21,136.03125,133.90625,36856093.75,271.0,-465375.0
3c09_WN1Com_380,US ULTRA BOND CBT,fi-us,WN1 Comdty,2022-10-24,2022-10-25,131.3125,130.96875,36991601.5625,276.0,-78718.75
3c09_NQ1Ind_236,NASDAQ 100 E-MINI,eq-us,NQ1 Index,2022-10-28,2022-10-31,12658.0,13127.75,17623290.0,69.0,620070.0
3c09_NQ1Ind_237,NASDAQ 100 E-MINI,eq-us,NQ1 Index,2022-11-03,2022-11-08,12473.25,12551.25,16473270.0,66.0,104590.0
3c09_WN1Com_381,US ULTRA BOND CBT,fi-us,WN1 Comdty,2022-11-09,2022-11-10,132.9375,133.34375,34319921.875,258.0,86125.0
3c09_NQ1Ind_238,NASDAQ 100 E-MINI,eq-us,NQ1 Index,2022-11-17,2022-11-23,13313.0,13276.75,15133215.0,57.0,-38885.0
3c09_NQ1Ind_239,NASDAQ 100 E-MINI,eq-us,NQ1 Index,2022-11-28,2022-12-01,13266.5,13614.5,17846120.0,67.0,489540.0
3c09_NQ1Ind_240,NASDAQ 100 E-MINI,eq-us,NQ1 Index,2022-12-06,2022-12-09,13346.5,13173.75,17606490.0,66.0,-222870.0
3c09_WN1Com_382,US ULTRA BOND CBT,fi-us,WN1 Comdty,2022-12-13,2022-12-14,149.03125,150.03125,30666796.875,206.0,169000.0
3c09_NQ1Ind_241,NASDAQ 100 E-MINI,eq-us,NQ1 Index,2022-12-16,2022-12-22,12865.0,12775.5,18025700.0,70.0,-114630.0
3c09_WN1Com_383,US ULTRA BOND CBT,fi-us,WN1 Comdty,2022-12-21,2022-12-22,145.0625,145.8125,30126406.25,208.0,129000.0
3c09_NQ1Ind_242,NASDAQ 100 E-MINI,eq-us,NQ1 Index,2023-01-06,2023-01-09,12257.25,12545.0,21050650.0,86.0,466155.0
3c09_WN1Com_384,US ULTRA BOND CBT,fi-us,WN1 Comdty,2023-01-11,2023-01-12,145.0,147.0,32632031.25,225.0,360000.0
3c09_WN1Com_385,US ULTRA BOND CBT,fi-us,WN1 Comdty,2023-01-24,2023-01-25,147.6875,149.4375,32811796.875,222.0,313250.0
3c09_WN1Com_386,US ULTRA BOND CBT,fi-us,WN1 Comdty,2023-01-30,2023-01-31,148.875,148.21875,36815625.0,248.0,-133218.75
3c09_WN1Com_387,US ULTRA BOND CBT,fi-us,WN1 Comdty,2023-02-03,2023-02-06,151.28125,149.125,38143281.25,252.0,-422625.0
3c09_WN1Com_388,US ULTRA BOND CBT,fi-us,WN1 Comdty,2023-02-15,2023-02-16,145.625,143.4375,40565000.0,280.0,-494375.0
3c09_NQ1Ind_243,NASDAQ 100 E-MINI,eq-us,NQ1 Index,2023-02-22,2023-02-24,13526.5,13608.5,21083790.0,78.0,132490.0
3c09_NQ1Ind_244,NASDAQ 100 E-MINI,eq-us,NQ1 Index,2023-02-27,2023-03-03,13421.5,13464.75,22317940.0,82.0,73850.0
3c09_NQ1Ind_245,NASDAQ 100 E-MINI,eq-us,NQ1 Index,2023-03-10,2023-03-15,13425.75,13617.0,24445330.0,91.0,359790.0
3c09_WN1Com_389,US ULTRA BOND CBT,fi-us,WN1 Comdty,2023-03-30,2023-03-31,145.0625,145.8125,33154453.125,229.0,141750.0
3c09_NQ1Ind_246,NASDAQ 100 E-MINI,eq-us,NQ1 Index,2023-04-06,2023-04-12,14360.0,14361.0,29021340.0,101.0,-8835.0
3c09_WN1Com_390,US ULTRA BOND CBT,fi-us,WN1 Comdty,2023-04-11,2023-04-12,148.40625,148.4375,39513164.0625,266.0,6875.0
3c09_WN1Com_391,US ULTRA BOND CBT,fi-us,WN1 Comdty,2023-04-18,2023-04-19,144.375,144.71875,41895937.5,290.0,82156.25
3c09_NQ1Ind_247,NASDAQ 100 E-MINI,eq-us,NQ1 Index,2023-04-21,2023-04-27,14376.25,14252.25,34467600.0,120.0,-345960.0
3c09_NQ1Ind_248,NASDAQ 100 E-MINI,eq-us,NQ1 Index,2023-05-05,2023-05-08,14347.25,14603.25,32388060.0,113.0,532480.0
3c09_WN1Com_392,US ULTRA BOND CBT,fi-us,WN1 Comdty,2023-05-09,2023-05-10,144.125,143.6875,38503281.25,268.0,-96687.5
3c09_WN1Com_393,US ULTRA BOND CBT,fi-us,WN1 Comdty,2023-05-17,2023-05-18,142.84375,143.0,41548632.8125,291.0,37656.25
3c09_WN1Com_394,US ULTRA BOND CBT,fi-us,WN1 Comdty,2023-05-19,2023-05-22,141.5625,140.9375,44151250.0,309.0,-157500.0
3c09_WN1Com_395,US ULTRA BOND CBT,fi-us,WN1 Comdty,2023-05-23,2023-05-24,140.0,140.21875,45804687.5,325.0,58406.25
3c09_WN1Com_396,US ULTRA BOND CBT,fi-us,WN1 Comdty,2023-05-30,2023-05-31,139.84375,141.15625,49696875.0,356.0,357000.0
3c09_WN1Com_397,US ULTRA BOND CBT,fi-us,WN1 Comdty,2023-06-06,2023-06-07,141.46875,142.3125,50364843.75,356.0,247218.75
3c09_WN1Com_398,US ULTRA BOND CBT,fi-us,WN1 Comdty,2023-06-13,2023-06-14,141.21875,140.5,51771562.5,368.0,-214906.25
3c09_NQ1Ind_249,NASDAQ 100 E-MINI,eq-us,NQ1 Index,2023-06-22,2023-06-28,16154.75,16204.25,32966400.0,102.0,83625.0
3c09_WN1Com_399,US ULTRA BOND CBT,fi-us,WN1 Comdty,2023-07-05,2023-07-06,141.40625,139.9375,48522460.9375,344.0,-393625.0
3c09_WN1Com_400,US ULTRA BOND CBT,fi-us,WN1 Comdty,2023-07-07,2023-07-10,138.1875,136.9375,46704140.625,334.0,-342500.0
3c09_WN1Com_401,US ULTRA BOND CBT,fi-us,WN1 Comdty,2023-07-11,2023-07-12,137.25,137.78125,48441640.625,354.0,153000.0
3c09_WN1Com_402,US ULTRA BOND CBT,fi-us,WN1 Comdty,2023-07-17,2023-07-18,139.71875,139.78125,48431718.75,346.0,17875.0
3c09_WN1Com_403,US ULTRA BOND CBT,fi-us,WN1 Comdty,2023-07-19,2023-07-20,140.3125,141.59375,51369609.375,368.0,370281.25
3c09_NQ1Ind_250,NASDAQ 100 E-MINI,eq-us,NQ1 Index,2023-07-24,2023-07-26,16672.0,16846.25,32312640.0,97.0,350790.0
3c09_WN1Com_404,US ULTRA BOND CBT,fi-us,WN1 Comdty,2023-08-01,2023-08-02,137.65625,135.65625,45546875.0,331.0,-510000.0
3c09_WN1Com_405,US ULTRA BOND CBT,fi-us,WN1 Comdty,2023-08-15,2023-08-16,131.6875,131.15625,40861875.0,310.0,-136000.0
3c09_NQ1Ind_251,NASDAQ 100 E-MINI,eq-us,NQ1 Index,2023-08-18,2023-08-22,15864.0,16090.5,33059520.0,104.0,486285.0
3c09_NQ1Ind_252,NASDAQ 100 E-MINI,eq-us,NQ1 Index,2023-08-25,2023-08-29,15949.0,16214.75,28440840.0,89.0,478600.0
3c09_WN1Com_406,US ULTRA BOND CBT,fi-us,WN1 Comdty,2023-08-31,2023-09-01,132.6875,132.9375,42937343.75,324.0,66250.0
3c09_WN1Com_407,US ULTRA BOND CBT,fi-us,WN1 Comdty,2023-09-06,2023-09-07,129.65625,129.96875,40336054.6875,311.0,80000.0
3c09_NQ1Ind_253,NASDAQ 100 E-MINI,eq-us,NQ1 Index,2023-09-11,2023-09-12,16423.25,16583.75,33487110.0,102.0,324210.0
3c09_WN1Com_408,US ULTRA BOND CBT,fi-us,WN1 Comdty,2023-10-05,2023-10-06,119.4375,118.9375,35467578.125,298.0,-122500.0
3c09_WN1Com_409,US ULTRA BOND CBT,fi-us,WN1 Comdty,2023-10-09,2023-10-10,117.65625,119.8125,37465312.5,315.0,506718.75
3c09_NQ1Ind_254,NASDAQ 100 E-MINI,eq-us,NQ1 Index,2023-10-27,2023-10-31,15169.75,15332.0,26603280.0,88.0,288805.0
3c09_WN1Com_410,US ULTRA BOND CBT,fi-us,WN1 Comdty,2023-11-01,2023-11-02,114.96875,117.96875,32268046.875,278.0,675000.0
3c09_WN1Com_411,US ULTRA BOND CBT,fi-us,WN1 Comdty,2023-11-14,2023-11-15,120.8125,123.40625,31173593.75,258.0,510968.75
3c09_NQ1Ind_255,NASDAQ 100 E-MINI,eq-us,NQ1 Index,2023-11-30,2023-12-06,16961.75,16818.5,36601740.0,108.0,-330810.0
3c09_NQ1Ind_256,NASDAQ 100 E-MINI,eq-us,NQ1 Index,2023-12-07,2023-12-08,16726.75,16941.75,39355290.0,117.0,481600.0
3c09_WN1Com_412,US ULTRA BOND CBT,fi-us,WN1 Comdty,2023-12-12,2023-12-13,129.65625,130.1875,35322812.5,272.0,119531.25
3c09_NQ1Ind_257,NASDAQ 100 E-MINI,eq-us,NQ1 Index,2023-12-15,2023-12-19,17459.0,17636.75,41934600.0,120.0,439455.0
3c09_WN1Com_413,US ULTRA BOND CBT,fi-us,WN1 Comdty,2023-12-20,2023-12-21,135.78125,136.84375,37552734.375,276.0,242250.0
3c09_WN1Com_414,US ULTRA BOND CBT,fi-us,WN1 Comdty,2023-12-27,2023-12-28,135.75,137.6875,41281523.4375,304.0,455312.5
3c09_NQ1Ind_258,NASDAQ 100 E-MINI,eq-us,NQ1 Index,2024-01-04,2024-01-09,17265.0,17507.75,36241275.0,105.0,550115.0
3c09_WN1Com_415,US ULTRA BOND CBT,fi-us,WN1 Comdty,2024-01-09,2024-01-10,132.59375,132.8125,38929921.875,292.0,52937.5
3c09_WN1Com_416,US ULTRA BOND CBT,fi-us,WN1 Comdty,2024-01-11,2024-01-12,132.21875,132.90625,41337890.625,311.0,176687.5
3c09_WN1Com_417,US ULTRA BOND CBT,fi-us,WN1 Comdty,2024-01-17,2024-01-18,130.125,129.875,39334453.125,302.0,-62500.0
3c09_NQ1Ind_259,NASDAQ 100 E-MINI,eq-us,NQ1 Index,2024-01-31,2024-02-05,18135.25,18415.75,40278150.0,110.0,525095.0
3c09_WN1Com_418,US ULTRA BOND CBT,fi-us,WN1 Comdty,2024-02-12,2024-02-13,128.875,128.78125,36050000.0,280.0,-21750.0
3c09_NQ1Ind_260,NASDAQ 100 E-MINI,eq-us,NQ1 Index,2024-02-21,2024-02-23,18292.75,18743.0,34454760.0,94.0,873210.0
3c09_WN1Com_419,US ULTRA BOND CBT,fi-us,WN1 Comdty,2024-03-05,2024-03-06,129.4375,130.46875,44979531.25,348.0,275343.75
3c09_NQ1Ind_261,NASDAQ 100 E-MINI,eq-us,NQ1 Index,2024-03-07,2024-03-08,18764.25,19004.25,30777060.0,82.0,384000.0
3c09_WN1Com_420,US ULTRA BOND CBT,fi-us,WN1 Comdty,2024-03-15,2024-03-18,127.78125,127.75,44487421.875,349.0,-8968.75
3c09_NQ1Ind_262,NASDAQ 100 E-MINI,eq-us,NQ1 Index,2024-04-01,2024-04-05,18981.25,18564.5,37527435.0,99.0,-864035.0
3c09_WN1Com_421,US ULTRA BOND CBT,fi-us,WN1 Comdty,2024-04-04,2024-04-05,126.53125,127.125,45190234.375,358.0,171000.0
3c09_NQ1Ind_263,NASDAQ 100 E-MINI,eq-us,NQ1 Index,2024-04-22,2024-04-24,17706.5,18160.25,28607580.0,81.0,721485.0
3c09_WN1Com_422,US ULTRA BOND CBT,fi-us,WN1 Comdty,2024-04-25,2024-04-26,121.0,120.1875,39868125.0,330.0,-221000.0
3c09_WN1Com_423,US ULTRA BOND CBT,fi-us,WN1 Comdty,2024-04-29,2024-04-30,120.875,121.78125,41013984.375,341.0,247406.25
3c09_NQ1Ind_264,NASDAQ 100 E-MINI,eq-us,NQ1 Index,2024-05-02,2024-05-06,17965.25,18525.75,27949740.0,78.0,858495.0
3c09_WN1Com_424,US ULTRA BOND CBT,fi-us,WN1 Comdty,2024-05-07,2024-05-08,123.75,124.5,43423281.25,351.0,214500.0
3c09_WN1Com_425,US ULTRA BOND CBT,fi-us,WN1 Comdty,2024-05-21,2024-05-22,124.84375,125.4375,50143710.9375,401.0,196531.25
3c09_NQ1Ind_265,NASDAQ 100 E-MINI,eq-us,NQ1 Index,2024-05-24,2024-05-29,19162.25,19427.75,38349000.0,100.0,531720.0
3c09_WN1Com_426,US ULTRA BOND CBT,fi-us,WN1 Comdty,2024-05-29,2024-05-30,123.03125,121.6875,51302812.5,416.0,-420593.75
3c09_NQ1Ind_266,NASDAQ 100 E-MINI,eq-us,NQ1 Index,2024-06-04,2024-06-06,19140.75,19567.75,40543940.0,106.0,926590.0
3c09_WN1Com_427,US ULTRA BOND CBT,fi-us,WN1 Comdty,2024-06-10,2024-06-11,125.28125,124.46875,39836328.125,318.0,-208812.5
3c09_NQ1Ind_267,NASDAQ 100 E-MINI,eq-us,NQ1 Index,2024-06-14,2024-06-18,20090.75,20420.25,42592920.0,106.0,718300.0
3c09_NQ1Ind_268,NASDAQ 100 E-MINI,eq-us,NQ1 Index,2024-06-24,2024-06-27,20242.0,20173.25,43249400.0,107.0,-139590.0
3c09_WN1Com_428,US ULTRA BOND CBT,fi-us,WN1 Comdty,2024-06-28,2024-07-01,127.9375,125.0,44458281.25,348.0,-787250.0
3c09_WN1Com_429,US ULTRA BOND CBT,fi-us,WN1 Comdty,2024-07-02,2024-07-03,123.625,124.09375,36406250.0,291.0,111093.75
3c09_WN1Com_430,US ULTRA BOND CBT,fi-us,WN1 Comdty,2024-07-10,2024-07-11,126.40625,126.6875,38367421.875,304.0,70312.5
3c09_NQ1Ind_269,NASDAQ 100 E-MINI,eq-us,NQ1 Index,2024-07-19,2024-07-23,20182.25,20209.25,28177100.0,70.0,39100.0
3c09_NQ1Ind_270,NASDAQ 100 E-MINI,eq-us,NQ1 Index,2024-07-26,2024-08-01,19230.25,19820.5,22294620.0,58.0,699110.0
3c09_NQ1Ind_271,NASDAQ 100 E-MINI,eq-us,NQ1 Index,2024-08-06,2024-08-12,18393.0,18817.25,17510880.0,48.0,422535.0
3c09_WN1Com_431,US ULTRA BOND CBT,fi-us,WN1 Comdty,2024-08-09,2024-08-12,130.65625,131.96875,34435859.375,264.0,280875.0
3c09_NQ1Ind_272,NASDAQ 100 E-MINI,eq-us,NQ1 Index,2024-09-06,2024-09-11,19157.0,19064.75,21109825.0,55.0,-96420.0
3c09_WN1Com_432,US ULTRA BOND CBT,fi-us,WN1 Comdty,2024-09-12,2024-09-13,136.9375,136.5,52243164.0625,381.0,-134312.5
3c09_WN1Com_433,US ULTRA BOND CBT,fi-us,WN1 Comdty,2024-09-16,2024-09-17,136.59375,137.71875,54088125.0,396.0,363375.0
3c09_WN1Com_434,US ULTRA BOND CBT,fi-us,WN1 Comdty,2024-09-20,2024-09-23,134.96875,134.03125,50761953.125,378.0,-292500.0
3c09_WN1Com_435,US ULTRA BOND CBT,fi-us,WN1 Comdty,2024-09-24,2024-09-25,134.03125,134.125,54115117.1875,404.0,31218.75
3c09_WN1Com_436,US ULTRA BOND CBT,fi-us,WN1 Comdty,2024-09-26,2024-09-27,132.9375,133.0625,55829531.25,416.0,42875.0
3c09_WN1Com_437,US ULTRA BOND CBT,fi-us,WN1 Comdty,2024-10-07,2024-10-08,130.25,129.3125,51086328.125,392.0,-300000.0
3c09_WN1Com_438,US ULTRA BOND CBT,fi-us,WN1 Comdty,2024-10-11,2024-10-14,128.25,127.15625,55384453.125,434.0,-390468.75
3c09_WN1Com_439,US ULTRA BOND CBT,fi-us,WN1 Comdty,2024-10-15,2024-10-16,127.5,128.96875,58332929.6875,459.0,465593.75
3c09_WN1Com_440,US ULTRA BOND CBT,fi-us,WN1 Comdty,2024-10-22,2024-10-22,125.25,,44574687.5,355.0,0.0
