Trade_ID,Descr,Asset,FirstDate,LastDate,TradeEntry,TradeExit,USD_Notional,Num_Lots,Total PnL,My ret (%),Joachim ret (%),slippage,cum slippage,joachim ent,joachim ext
6e49c6f6d9_NQ1Ind_1,NASDAQ 100 E-MINI,NQ1 Index,07/07/1999,09/07/1999,4671.5,4698.5,0,0,0,,,,,,
6e49c6f6d9_NQ1Ind_2,NASDAQ 100 E-MINI,NQ1 Index,20/07/1999,26/07/1999,4762,4617.5,0,0,-1070740,,,,,,
6e49c6f6d9_NQ1Ind_3,NASDAQ 100 E-MINI,NQ1 Index,20/08/1999,25/08/1999,4595.5,4721.5,69851600,760,1950860,,,,,,
6e49c6f6d9_NQ1Ind_4,NASDAQ 100 E-MINI,NQ1 Index,27/08/1999,02/09/1999,4735.5,4720,70748370,747,-249770,,,,,,
6e49c6f6d9_NQ1Ind_5,NASDAQ 100 E-MINI,NQ1 Index,24/09/1999,28/09/1999,4709,4727.5,59992660,637,243460,,,,,,
6e49c6f6d9_NQ1Ind_6,NASDAQ 100 E-MINI,NQ1 Index,28/10/1999,29/10/1999,4754.5,4836.5,67989350,715,1115200,,,,,,
6e49c6f6d9_NQ1Ind_7,NASDAQ 100 E-MINI,NQ1 Index,08/12/1999,14/12/1999,5491.5,5520.5,63371910,577,327430,,,,,,
6e49c6f6d9_NQ1Ind_8,NASDAQ 100 E-MINI,NQ1 Index,27/01/2000,02/02/2000,5890,5955,26033800,221,250400,,,,,,
6e49c6f6d9_NQ1Ind_9,NASDAQ 100 E-MINI,NQ1 Index,21/02/2000,24/02/2000,6203.5,6425,34739600,280,1372720,,,,,,
6e49c6f6d9_NQ1Ind_10,NASDAQ 100 E-MINI,NQ1 Index,16/03/2000,17/03/2000,6337.5,6590.5,31941000,252,1173920,,,,,,
6e49c6f6d9_NQ1Ind_11,NASDAQ 100 E-MINI,NQ1 Index,30/03/2000,10/04/2000,6643.5,6515.5,29630010,223,-525310,,,,,,
6e49c6f6d9_NQ1Ind_12,NASDAQ 100 E-MINI,NQ1 Index,17/04/2000,19/04/2000,5392.5,5909.5,19952250,185,1707030,,,,,,
6e49c6f6d9_NQ1Ind_13,NASDAQ 100 E-MINI,NQ1 Index,24/04/2000,26/04/2000,5710,5825,19528200,171,396900,,,,,,
6e49c6f6d9_NQ1Ind_14,NASDAQ 100 E-MINI,NQ1 Index,11/05/2000,15/05/2000,5427.5,5585,19213350,177,570000,,,,,,
6e49c6f6d9_NQ1Ind_15,NASDAQ 100 E-MINI,NQ1 Index,24/05/2000,30/05/2000,5187.5,5334.5,22410000,216,667270,,,,,,
6e49c6f6d9_NQ1Ind_16,NASDAQ 100 E-MINI,NQ1 Index,01/06/2000,02/06/2000,5500,5745,25080000,228,1068200,,,,,,
6e49c6f6d9_NQ1Ind_17,NASDAQ 100 E-MINI,NQ1 Index,27/06/2000,03/07/2000,5947.5,5921.5,31521750,265,-148280,,,,,,
6e49c6f6d9_NQ1Ind_18,NASDAQ 100 E-MINI,NQ1 Index,06/07/2000,10/07/2000,5829.5,5989,41506040,356,1104080,,,,,,
6e49c6f6d9_NQ1Ind_19,NASDAQ 100 E-MINI,NQ1 Index,12/07/2000,13/07/2000,5901.5,6055,41192470,349,1043800,,,,,,
6e49c6f6d9_NQ1Ind_20,NASDAQ 100 E-MINI,NQ1 Index,24/07/2000,04/08/2000,6059,5783.5,40474120,334,-674720,,,,,,
6e49c6f6d9_NQ1Ind_21,NASDAQ 100 E-MINI,NQ1 Index,11/08/2000,15/08/2000,5750.5,5863.5,36228150,315,723380,,,,,,
6e49c6f6d9_NQ1Ind_22,NASDAQ 100 E-MINI,NQ1 Index,05/09/2000,11/09/2000,6244,5921,88290160,707,-3715000,,,,,,
6e49c6f6d9_NQ1Ind_23,NASDAQ 100 E-MINI,NQ1 Index,13/09/2000,19/09/2000,5778,5713.5,49806360,431,-545230,,,,,,
6e49c6f6d9_NQ1Ind_24,NASDAQ 100 E-MINI,NQ1 Index,26/09/2000,29/09/2000,5730,5785,42402000,370,414840,,,,,,
6e49c6f6d9_NQ1Ind_25,NASDAQ 100 E-MINI,NQ1 Index,04/10/2000,16/10/2000,5452,5329,37618800,345,470200,,,,,,
6e49c6f6d9_NQ1Ind_26,NASDAQ 100 E-MINI,NQ1 Index,25/10/2000,31/10/2000,5397.5,5163.5,27419300,254,-1146120,,,,,,
6e49c6f6d9_NQ1Ind_27,NASDAQ 100 E-MINI,NQ1 Index,09/11/2000,15/11/2000,5116,5100,24249840,237,-6310,,,,,,
6e49c6f6d9_NQ1Ind_28,NASDAQ 100 E-MINI,NQ1 Index,23/11/2000,04/12/2000,4737.5,4634.5,24729750,261,-227590,,,,,,
6e49c6f6d9_NQ1Ind_29,NASDAQ 100 E-MINI,NQ1 Index,15/12/2000,26/12/2000,4683.5,4495,23979520,256,-1115400,,,,,,
6e49c6f6d9_NQ1Ind_30,NASDAQ 100 E-MINI,NQ1 Index,03/01/2001,04/01/2001,4181,4545.5,19901560,238,1472580,,,,,,
6e49c6f6d9_NQ1Ind_31,NASDAQ 100 E-MINI,NQ1 Index,09/01/2001,11/01/2001,4338.5,4428.5,18829090,217,391640,,,,,,
6e49c6f6d9_NQ1Ind_32,NASDAQ 100 E-MINI,NQ1 Index,02/02/2001,08/02/2001,4641,4458,40562340,437,-1541760,,,,,,
6e49c6f6d9_NQ1Ind_33,NASDAQ 100 E-MINI,NQ1 Index,12/02/2001,16/02/2001,4290.5,4353,42990810,501,586730,,,,,,
6e49c6f6d9_NQ1Ind_34,NASDAQ 100 E-MINI,NQ1 Index,21/02/2001,06/03/2001,4143.5,3989,38037330,459,-168480,,,,,,
6e49c6f6d9_NQ1Ind_35,NASDAQ 100 E-MINI,NQ1 Index,12/03/2001,20/03/2001,3826.5,3745,33749730,441,-225050,,,,,,
6e49c6f6d9_NQ1Ind_36,NASDAQ 100 E-MINI,NQ1 Index,02/04/2001,06/04/2001,3579,3511,30206760,422,-547300,,,,,,
6e49c6f6d9_NQ1Ind_37,NASDAQ 100 E-MINI,NQ1 Index,18/04/2001,19/04/2001,3661.5,3869,29951070,409,1614350,,,,,,
6e49c6f6d9_NQ1Ind_38,NASDAQ 100 E-MINI,NQ1 Index,25/04/2001,01/05/2001,3775.5,3851,26957070,357,586810,,,,,,
6e49c6f6d9_NQ1Ind_39,NASDAQ 100 E-MINI,NQ1 Index,30/05/2001,06/06/2001,3845.5,3919,39685560,516,1035370,,,,,,
6e49c6f6d9_NQ1Ind_40,NASDAQ 100 E-MINI,NQ1 Index,13/06/2001,19/06/2001,3831,3671,40838460,533,-1673950,,,,,,
6e49c6f6d9_NQ1Ind_41,NASDAQ 100 E-MINI,NQ1 Index,09/07/2001,13/07/2001,3652.5,3727,56613750,775,1127240,,,,,,
6e49c6f6d9_NQ1Ind_42,NASDAQ 100 E-MINI,NQ1 Index,19/07/2001,25/07/2001,3653,3594.5,50411400,690,-793440,,,,,,
6e49c6f6d9_NQ1Ind_43,NASDAQ 100 E-MINI,NQ1 Index,01/08/2001,02/08/2001,3662,3709.5,50755320,693,639350,,,,,,
6e49c6f6d9_NQ1Ind_44,NASDAQ 100 E-MINI,NQ1 Index,08/08/2001,14/08/2001,3674.5,3627.5,54676560,744,-586480,,,,,,
6e49c6f6d9_NQ1Ind_45,NASDAQ 100 E-MINI,NQ1 Index,17/08/2001,23/08/2001,3562.5,3489,66476250,933,-1352050,,,,,,
6e49c6f6d9_NQ1Ind_46,NASDAQ 100 E-MINI,NQ1 Index,30/08/2001,06/09/2001,3478.5,3390.5,51690510,743,-1349650,,,,,,
6e49c6f6d9_NQ1Ind_47,NASDAQ 100 E-MINI,NQ1 Index,10/09/2001,17/09/2001,3322,3249,52288280,787,-1148460,,,,,,
6e49c6f6d9_NQ1Ind_48,NASDAQ 100 E-MINI,NQ1 Index,28/09/2001,01/10/2001,3105,3128,52536600,846,380880,,,,,,
6e49c6f6d9_NQ1Ind_49,NASDAQ 100 E-MINI,NQ1 Index,18/10/2001,22/10/2001,3265.5,3310.5,46174170,707,636300,,,,,,
6e49c6f6d9_NQ1Ind_50,NASDAQ 100 E-MINI,NQ1 Index,31/10/2001,02/11/2001,3302,3379,44510960,674,1035220,,,,,,
6e49c6f6d9_NQ1Ind_51,NASDAQ 100 E-MINI,NQ1 Index,30/11/2001,05/12/2001,3562,3596,65184600,915,602160,,,,,,
6e49c6f6d9_NQ1Ind_52,NASDAQ 100 E-MINI,NQ1 Index,13/12/2001,18/12/2001,3625,3599,58362500,805,-388480,,,,,,
6e49c6f6d9_NQ1Ind_53,NASDAQ 100 E-MINI,NQ1 Index,21/12/2001,27/12/2001,3514,3551.5,52569440,748,555890,,,,,,
6e49c6f6d9_NQ1Ind_54,NASDAQ 100 E-MINI,NQ1 Index,10/01/2002,23/01/2002,3605,3459,69792800,968,-2156490,,,,,,
6e49c6f6d9_NQ1Ind_55,NASDAQ 100 E-MINI,NQ1 Index,30/01/2002,01/02/2002,3480,3499.5,68347200,982,391810,,,,,,
6e49c6f6d9_NQ1Ind_56,NASDAQ 100 E-MINI,NQ1 Index,06/02/2002,12/02/2002,3412,3424,74859280,1097,218900,,,,,,
6e49c6f6d9_NQ1Ind_57,NASDAQ 100 E-MINI,NQ1 Index,19/02/2002,25/02/2002,3387,3310,77765520,1148,-1741960,,,,,,
6e49c6f6d9_NQ1Ind_58,NASDAQ 100 E-MINI,NQ1 Index,14/03/2002,19/03/2002,3440.5,3453,60483990,879,220820,,,,,,
6e49c6f6d9_NQ1Ind_59,NASDAQ 100 E-MINI,NQ1 Index,27/03/2002,01/04/2002,3390.5,3397,65504460,966,125100,,,,,,
6e49c6f6d9_NQ1Ind_60,NASDAQ 100 E-MINI,NQ1 Index,04/04/2002,10/04/2002,3356.5,3299,72836050,1085,-1247650,,,,,,
6e49c6f6d9_NQ1Ind_61,NASDAQ 100 E-MINI,NQ1 Index,16/04/2002,17/04/2002,3305,3376,71784600,1086,1407220,,,,,,
6e49c6f6d9_NQ1Ind_62,NASDAQ 100 E-MINI,NQ1 Index,23/04/2002,29/04/2002,3296.5,3200,71468120,1084,-2140330,,,,,,
6e49c6f6d9_NQ1Ind_63,NASDAQ 100 E-MINI,NQ1 Index,03/05/2002,09/05/2002,3172,3222.5,73780720,1163,1184020,,,,,,
6e49c6f6d9_NQ1Ind_64,NASDAQ 100 E-MINI,NQ1 Index,23/05/2002,24/05/2002,3207.5,3230,46123850,719,322200,,,,,,
6e49c6f6d9_NQ1Ind_65,NASDAQ 100 E-MINI,NQ1 Index,29/05/2002,06/06/2002,3195.5,3138,46909940,734,-1098190,,,,,,
6e49c6f6d9_NQ1Ind_66,NASDAQ 100 E-MINI,NQ1 Index,13/06/2002,18/06/2002,3063.5,3091,88964040,1452,819160,,,,,,
6e49c6f6d9_NQ1Ind_67,NASDAQ 100 E-MINI,NQ1 Index,03/07/2002,15/07/2002,2904.5,2937.5,62562930,1077,1559110,,,,,,
6e49c6f6d9_NQ1Ind_68,NASDAQ 100 E-MINI,NQ1 Index,22/07/2002,26/07/2002,2904.5,2834.5,55824490,961,-1301600,,,,,,
6e49c6f6d9_NQ1Ind_69,NASDAQ 100 E-MINI,NQ1 Index,02/08/2002,07/08/2002,2854.5,2845,49325760,864,-70800,,,,,,
6e49c6f6d9_NQ1Ind_70,NASDAQ 100 E-MINI,NQ1 Index,14/08/2002,15/08/2002,2848.5,2903,55773630,979,987540,,,,,,
6e49c6f6d9_NQ1Ind_71,NASDAQ 100 E-MINI,NQ1 Index,02/09/2002,06/09/2002,2881,2830,66954440,1162,-1233040,,,,,,
6e49c6f6d9_NQ1Ind_72,NASDAQ 100 E-MINI,NQ1 Index,17/09/2002,23/09/2002,2849,2810.5,83304760,1462,-1162480,,,,,,
6e49c6f6d9_NQ1Ind_73,NASDAQ 100 E-MINI,NQ1 Index,01/10/2002,02/10/2002,2769,2820.5,95807400,1730,1478050,,,,,,
6e49c6f6d9_NQ1Ind_74,NASDAQ 100 E-MINI,NQ1 Index,07/10/2002,11/10/2002,2754.5,2784,79770320,1448,979200,,,,,,
6e49c6f6d9_NQ1Ind_75,NASDAQ 100 E-MINI,NQ1 Index,29/10/2002,31/10/2002,2920.5,2924,69916770,1197,83440,,,,,,
6e49c6f6d9_NQ1Ind_76,NASDAQ 100 E-MINI,NQ1 Index,11/11/2002,15/11/2002,2942.5,2984.5,75798800,1288,1150140,,,,,,
6e49c6f6d9_NQ1Ind_77,NASDAQ 100 E-MINI,NQ1 Index,04/12/2002,10/12/2002,3028,2949,73762080,1218,-1959660,,,,,,
6e49c6f6d9_NQ1Ind_78,NASDAQ 100 E-MINI,NQ1 Index,12/12/2002,18/12/2002,2969,2977,71612280,1206,195540,,,,,,
6e49c6f6d9_NQ1Ind_79,NASDAQ 100 E-MINI,NQ1 Index,20/12/2002,24/12/2002,2943,2963,74516760,1266,549060,,,,,,
6e49c6f6d9_NQ1Ind_80,NASDAQ 100 E-MINI,NQ1 Index,30/12/2002,03/01/2003,2932,2957,92182080,1572,784270,,,,,,
6e49c6f6d9_NQ1Ind_81,NASDAQ 100 E-MINI,NQ1 Index,16/01/2003,29/01/2003,3007.5,2930,100691100,1674,-2491880,,,,,,
6e49c6f6d9_NQ1Ind_82,NASDAQ 100 E-MINI,NQ1 Index,04/02/2003,10/02/2003,2916.5,2888.5,93502990,1603,-987610,,,,,,
6e49c6f6d9_NQ1Ind_83,NASDAQ 100 E-MINI,NQ1 Index,14/02/2003,17/02/2003,2892,2917,119092560,2059,957500,,,,,,
6e49c6f6d9_NQ1Ind_84,NASDAQ 100 E-MINI,NQ1 Index,20/02/2003,03/03/2003,2940,2945,123891600,2107,1190260,,,,,,
6e49c6f6d9_NQ1Ind_85,NASDAQ 100 E-MINI,NQ1 Index,05/03/2003,14/03/2003,2916,2961.5,125154720,2146,2178360,,,,,,
6e49c6f6d9_NQ1Ind_86,NASDAQ 100 E-MINI,NQ1 Index,31/03/2003,03/04/2003,2979.5,2992,89802130,1507,378040,,,,,,
6e49c6f6d9_NQ1Ind_87,NASDAQ 100 E-MINI,NQ1 Index,28/04/2003,30/04/2003,3013.5,3044.5,109510590,1817,1099260,,,,,,
6e49c6f6d9_NQ1Ind_88,NASDAQ 100 E-MINI,NQ1 Index,08/05/2003,12/05/2003,3067.5,3072.5,130675500,2130,201060,,,,,,
6e49c6f6d9_NQ1Ind_89,NASDAQ 100 E-MINI,NQ1 Index,15/05/2003,28/05/2003,3079,3100.5,130180120,2114,801080,,,,,,
6e49c6f6d9_NQ1Ind_90,NASDAQ 100 E-MINI,NQ1 Index,11/06/2003,12/06/2003,3142.5,3158.5,114638400,1824,580800,,,,,,
6e49c6f6d9_NQ1Ind_91,NASDAQ 100 E-MINI,NQ1 Index,14/07/2003,15/07/2003,3206.5,3223.5,94206970,1469,493000,,,,,,
6e49c6f6d9_NQ1Ind_92,NASDAQ 100 E-MINI,NQ1 Index,11/08/2003,13/08/2003,3135.5,3166.5,106795130,1703,1049880,,,,,,
6e49c6f6d9_NQ1Ind_93,NASDAQ 100 E-MINI,NQ1 Index,05/09/2003,09/09/2003,3300,3313,213906000,3241,789880,,,,,,
6e49c6f6d9_NQ1Ind_94,NASDAQ 100 E-MINI,NQ1 Index,26/09/2003,02/10/2003,3241.5,3255,95300100,1470,373750,,,,,,
6e49c6f6d9_NQ1Ind_95,NASDAQ 100 E-MINI,NQ1 Index,23/10/2003,29/10/2003,3314,3345,93388520,1409,1061720,,,,,,
6e49c6f6d9_NQ1Ind_96,NASDAQ 100 E-MINI,NQ1 Index,12/11/2003,20/11/2003,3333.5,3299.5,119205960,1788,-1011150,,,,,,
6e49c6f6d9_NQ1Ind_97,NASDAQ 100 E-MINI,NQ1 Index,08/12/2003,24/12/2003,3332,3363,111755280,1677,1221620,,,,,,
6e49c6f6d9_NQ1Ind_98,NASDAQ 100 E-MINI,NQ1 Index,12/01/2004,16/01/2004,3440,3455,166702400,2423,697220,,,,,,
6e49c6f6d9_NQ1Ind_99,NASDAQ 100 E-MINI,NQ1 Index,22/01/2004,27/01/2004,3465.5,3472.5,189008370,2727,363440,,,,,,
6e49c6f6d9_NQ1Ind_100,NASDAQ 100 E-MINI,NQ1 Index,04/02/2004,09/02/2004,3405.5,3414.5,147321930,2163,390000,,,,,,
6e49c6f6d9_NQ1Ind_101,NASDAQ 100 E-MINI,NQ1 Index,20/02/2004,26/02/2004,3407,3390.5,134849060,1979,-641020,,,,,,
6e49c6f6d9_NQ1Ind_102,NASDAQ 100 E-MINI,NQ1 Index,08/03/2004,12/03/2004,3393,3321,164492640,2424,-3247130,,,,,,
6e49c6f6d9_NQ1Ind_103,NASDAQ 100 E-MINI,NQ1 Index,24/03/2004,26/03/2004,3287,3340.5,126089320,1918,1983830,,,,,,
6e49c6f6d9_NQ1Ind_104,NASDAQ 100 E-MINI,NQ1 Index,02/07/2004,15/07/2004,3405.5,3332.5,128319240,1884,-2364060,,,,,,
6e49c6f6d9_NQ1Ind_105,NASDAQ 100 E-MINI,NQ1 Index,19/07/2004,21/07/2004,3309,3339.5,145397460,2197,1338200,,,,,,
6e49c6f6d9_NQ1Ind_106,NASDAQ 100 E-MINI,NQ1 Index,26/07/2004,28/07/2004,3289.5,3302.5,113027220,1718,457210,,,,,,
6e49c6f6d9_NQ1Ind_107,NASDAQ 100 E-MINI,NQ1 Index,02/08/2004,11/08/2004,3314,3248,118574920,1789,-1156860,,,,,,
6e49c6f6d9_NQ1Ind_108,NASDAQ 100 E-MINI,NQ1 Index,16/08/2004,17/08/2004,3223,3234.5,103071540,1599,366390,,,,,,
6e49c6f6d9_NQ1Ind_109,NASDAQ 100 E-MINI,NQ1 Index,27/08/2004,02/09/2004,3294.5,3289,128814950,1955,-239460,,,,,,
6e49c6f6d9_NQ1Ind_110,NASDAQ 100 E-MINI,NQ1 Index,09/09/2004,13/09/2004,3292,3324,158871920,2413,1567450,,,,,,
6e49c6f6d9_NQ1Ind_111,NASDAQ 100 E-MINI,NQ1 Index,17/09/2004,23/09/2004,3332,3317,166200160,2494,-769390,,,,,,
6e49c6f6d9_NQ1Ind_112,NASDAQ 100 E-MINI,NQ1 Index,12/10/2004,18/10/2004,3349,3343,138313700,2065,-250370,,,,,,
6e49c6f6d9_NQ1Ind_113,NASDAQ 100 E-MINI,NQ1 Index,17/11/2004,25/11/2004,3462,3488.5,155236080,2242,963570,,,,,,
6e49c6f6d9_NQ1Ind_114,NASDAQ 100 E-MINI,NQ1 Index,08/12/2004,14/12/2004,3499.5,3529,157827450,2255,1359070,,,,,,
6e49c6f6d9_NQ1Ind_115,NASDAQ 100 E-MINI,NQ1 Index,16/12/2004,22/12/2004,3531,3513,168923040,2392,-817290,,,,,,
6e49c6f6d9_NQ1Ind_116,NASDAQ 100 E-MINI,NQ1 Index,04/01/2005,10/01/2005,3513.5,3468.5,229642360,3268,-2325320,,,,,,
6e49c6f6d9_NQ1Ind_117,NASDAQ 100 E-MINI,NQ1 Index,12/01/2005,18/01/2005,3457,3465,199883740,2891,431160,,,,,,
6e49c6f6d9_NQ1Ind_118,NASDAQ 100 E-MINI,NQ1 Index,20/01/2005,26/01/2005,3440.5,3393.5,161015400,2340,-2192790,,,,,,
6e49c6f6d9_NQ1Ind_119,NASDAQ 100 E-MINI,NQ1 Index,08/02/2005,14/02/2005,3428.5,3434.5,156271030,2279,243700,,,,,,
6e49c6f6d9_NQ1Ind_120,NASDAQ 100 E-MINI,NQ1 Index,24/02/2005,25/02/2005,3399.5,3417,172830580,2542,868350,,,,,,
6e49c6f6d9_NQ1Ind_121,NASDAQ 100 E-MINI,NQ1 Index,07/03/2005,08/03/2005,3423.5,3440.5,156727830,2289,791180,,,,,,
6e49c6f6d9_NQ1Ind_122,NASDAQ 100 E-MINI,NQ1 Index,17/03/2005,23/03/2005,3384,3362,170688960,2522,-1159200,,,,,,
6e49c6f6d9_NQ1Ind_123,NASDAQ 100 E-MINI,NQ1 Index,28/03/2005,06/04/2005,3368.5,3380,189040220,2806,1227180,,,,,,
6e49c6f6d9_NQ1Ind_124,NASDAQ 100 E-MINI,NQ1 Index,13/04/2005,19/04/2005,3382,3303.5,209954560,3104,-4354850,,,,,,
6e49c6f6d9_NQ1Ind_125,NASDAQ 100 E-MINI,NQ1 Index,21/04/2005,22/04/2005,3303,3337,155637360,2356,1372240,,,,,,
6e49c6f6d9_NQ1Ind_126,NASDAQ 100 E-MINI,NQ1 Index,27/04/2005,03/05/2005,3317.5,3316.5,127790100,1926,-10360,,,,,,
6e49c6f6d9_NQ1Ind_127,NASDAQ 100 E-MINI,NQ1 Index,12/05/2005,16/05/2005,3349.5,3363,134113980,2002,571600,,,,,,
6e49c6f6d9_NQ1Ind_128,NASDAQ 100 E-MINI,NQ1 Index,02/06/2005,03/06/2005,3446,3461.5,276989480,4019,1245890,,,,,,
6e49c6f6d9_NQ1Ind_129,NASDAQ 100 E-MINI,NQ1 Index,20/06/2005,29/06/2005,3425,3394,233516500,3409,-1117990,,,,,,
6e49c6f6d9_NQ1Ind_130,NASDAQ 100 E-MINI,NQ1 Index,07/07/2005,11/07/2005,3384,3421.5,241685280,3571,2638500,,,,,,
6e49c6f6d9_NQ1Ind_131,NASDAQ 100 E-MINI,NQ1 Index,12/08/2005,16/08/2005,3471.5,3483.5,218079630,3141,804730,,,,,,
6e49c6f6d9_NQ1Ind_132,NASDAQ 100 E-MINI,NQ1 Index,23/08/2005,29/08/2005,3457.5,3436,217684200,3148,-1378460,,,,,,
6e49c6f6d9_NQ1Ind_133,NASDAQ 100 E-MINI,NQ1 Index,02/09/2005,07/09/2005,3456,3474,231206400,3345,1291350,,,,,,
6e49c6f6d9_NQ1Ind_134,NASDAQ 100 E-MINI,NQ1 Index,22/09/2005,26/09/2005,3438.5,3456,215043790,3127,1126790,,,,,,
6e49c6f6d9_NQ1Ind_135,NASDAQ 100 E-MINI,NQ1 Index,07/10/2005,13/10/2005,3428.5,3391.5,183630460,2678,-2030960,,,,,,
6e49c6f6d9_NQ1Ind_136,NASDAQ 100 E-MINI,NQ1 Index,15/11/2005,18/11/2005,3523,3548,146204500,2075,1040220,,,,,,
6e49c6f6d9_NQ1Ind_137,NASDAQ 100 E-MINI,NQ1 Index,29/11/2005,02/12/2005,3556.5,3569.5,217444410,3057,780290,,,,,,
6e49c6f6d9_NQ1Ind_138,NASDAQ 100 E-MINI,NQ1 Index,19/12/2005,23/12/2005,3556.5,3547.5,230461200,3240,-461460,,,,,,
6e49c6f6d9_NQ1Ind_139,NASDAQ 100 E-MINI,NQ1 Index,28/12/2005,04/01/2006,3530.5,3541,177442930,2513,517210,,,,,,
6e49c6f6d9_NQ1Ind_140,NASDAQ 100 E-MINI,NQ1 Index,17/01/2006,23/01/2006,3610.5,3531.5,156262440,2164,-3467520,,,,,,
6e49c6f6d9_NQ1Ind_141,NASDAQ 100 E-MINI,NQ1 Index,07/02/2006,09/02/2006,3516.5,3523,127437960,1812,237210,,,,,,
6e49c6f6d9_NQ1Ind_142,NASDAQ 100 E-MINI,NQ1 Index,22/02/2006,28/02/2006,3508,3543,150563360,2146,1450440,,,,,,
6e49c6f6d9_NQ1Ind_143,NASDAQ 100 E-MINI,NQ1 Index,25/04/2006,28/04/2006,3550,3554.5,169335000,2385,213390,,,,,,
6e49c6f6d9_NQ1Ind_144,NASDAQ 100 E-MINI,NQ1 Index,12/05/2006,25/05/2006,3493.25,3412.75,144969875,2075,-2829675,,,,,,
6e49c6f6d9_NQ1Ind_145,NASDAQ 100 E-MINI,NQ1 Index,31/05/2006,02/06/2006,3398.5,3446.5,123297580,1814,1711740,,,,,,
6e49c6f6d9_NQ1Ind_146,NASDAQ 100 E-MINI,NQ1 Index,07/06/2006,16/06/2006,3405.75,3404,108098505,1587,248890,,,,,,
6e49c6f6d9_NQ1Ind_147,NASDAQ 100 E-MINI,NQ1 Index,11/07/2006,20/07/2006,3347.25,3299,97271085,1453,-1457965,,,,,,
6e49c6f6d9_NQ1Ind_148,NASDAQ 100 E-MINI,NQ1 Index,24/07/2006,25/07/2006,3270.75,3304.25,112775460,1724,1057260,,,,,,
6e49c6f6d9_NQ1Ind_149,NASDAQ 100 E-MINI,NQ1 Index,02/08/2006,04/08/2006,3303.25,3331.75,120898950,1830,1027020,,,,,,
6e49c6f6d9_NQ1Ind_150,NASDAQ 100 E-MINI,NQ1 Index,08/08/2006,14/08/2006,3312,3307.25,126584640,1911,-174595,,,,,,
6e49c6f6d9_NQ1Ind_151,NASDAQ 100 E-MINI,NQ1 Index,22/08/2006,28/08/2006,3378,3370.5,124175280,1838,-298005,,,,,,
6e49c6f6d9_NQ1Ind_152,NASDAQ 100 E-MINI,NQ1 Index,11/09/2006,12/09/2006,3380.25,3392.75,142511340,2108,522750,,,,,,
6e49c6f6d9_NQ1Ind_153,NASDAQ 100 E-MINI,NQ1 Index,19/10/2006,24/10/2006,3505.75,3526.25,145979430,2082,892470,,,,,,
6e49c6f6d9_NQ1Ind_154,NASDAQ 100 E-MINI,NQ1 Index,30/10/2006,03/11/2006,3522.25,3508,148286725,2105,-692240,,,,,,
6e49c6f6d9_NQ1Ind_155,NASDAQ 100 E-MINI,NQ1 Index,10/11/2006,14/11/2006,3541.25,3562.75,158860475,2243,1044060,,,,,,
6e49c6f6d9_NQ1Ind_156,NASDAQ 100 E-MINI,NQ1 Index,28/11/2006,30/11/2006,3569.75,3586.25,153856225,2155,711950,,,,,,
6e49c6f6d9_NQ1Ind_157,NASDAQ 100 E-MINI,NQ1 Index,21/12/2006,28/12/2006,3567,3548.75,150741420,2113,-797130,,,,,,
6e49c6f6d9_NQ1Ind_158,NASDAQ 100 E-MINI,NQ1 Index,07/02/2007,08/02/2007,3572.75,3591.25,149698225,2095,748880,,,,,,
6e49c6f6d9_NQ1Ind_159,NASDAQ 100 E-MINI,NQ1 Index,19/02/2007,21/02/2007,3596.5,3607.25,156663540,2178,467655,,,,,,
6e49c6f6d9_NQ1Ind_160,NASDAQ 100 E-MINI,NQ1 Index,28/02/2007,06/03/2007,3519.75,3481.25,97497075,1385,-1050020,,,,,,
6e49c6f6d9_NQ1Ind_161,NASDAQ 100 E-MINI,NQ1 Index,12/04/2007,16/04/2007,3561,3580.25,168933840,2372,955655,,,,,,
6e49c6f6d9_NQ1Ind_162,NASDAQ 100 E-MINI,NQ1 Index,19/04/2007,23/04/2007,3596.5,3610.75,181263600,2520,860700,,,,,,
6e49c6f6d9_NQ1Ind_163,NASDAQ 100 E-MINI,NQ1 Index,09/05/2007,10/05/2007,3653.75,3660.75,205048450,2806,392420,,,,,,
6e49c6f6d9_NQ1Ind_164,NASDAQ 100 E-MINI,NQ1 Index,20/06/2007,28/06/2007,3690.25,3678,149086100,2020,88785,,,,,,
6e49c6f6d9_NQ1Ind_165,NASDAQ 100 E-MINI,NQ1 Index,25/07/2007,31/07/2007,3748.75,3715.75,167944000,2240,-1748810,,,,,,
6e49c6f6d9_NQ1Ind_166,NASDAQ 100 E-MINI,NQ1 Index,14/08/2007,20/08/2007,3665.75,3617.75,91863695,1253,-1195400,,,,,,
6e49c6f6d9_NQ1Ind_167,NASDAQ 100 E-MINI,NQ1 Index,10/09/2007,12/09/2007,3693.25,3716.5,79035550,1070,544475,,,,,,
6e49c6f6d9_NQ1Ind_168,NASDAQ 100 E-MINI,NQ1 Index,03/10/2007,08/10/2007,3834.75,3870,127773870,1666,1280630,,,,,,
6e49c6f6d9_NQ1Ind_169,NASDAQ 100 E-MINI,NQ1 Index,22/10/2007,24/10/2007,3849,3906.25,109927440,1428,1620905,,,,,,
6e49c6f6d9_NQ1Ind_170,NASDAQ 100 E-MINI,NQ1 Index,06/11/2007,07/11/2007,3912,3932.25,102807360,1314,525690,,,,,,
6e49c6f6d9_NQ1Ind_171,NASDAQ 100 E-MINI,NQ1 Index,12/11/2007,14/11/2007,3741,3766.5,70106340,937,473130,,,,,,
6e49c6f6d9_NQ1Ind_172,NASDAQ 100 E-MINI,NQ1 Index,20/11/2007,29/11/2007,3727.25,3793.5,62617800,840,1654790,,,,,,
6e49c6f6d9_NQ1Ind_173,NASDAQ 100 E-MINI,NQ1 Index,20/12/2007,21/12/2007,3735.25,3776.5,83520190,1118,906675,,,,,,
6e49c6f6d9_NQ1Ind_174,NASDAQ 100 E-MINI,NQ1 Index,02/01/2008,22/01/2008,3782.75,3529.5,94190475,1245,-3666045,,,,,,
6e49c6f6d9_NQ1Ind_175,NASDAQ 100 E-MINI,NQ1 Index,24/01/2008,25/01/2008,3485.5,3525,75426220,1082,823180,,,,,,
6e49c6f6d9_NQ1Ind_176,NASDAQ 100 E-MINI,NQ1 Index,05/02/2008,11/02/2008,3504.75,3452.75,78436305,1119,-1110310,,,,,,
6e49c6f6d9_NQ1Ind_177,NASDAQ 100 E-MINI,NQ1 Index,20/02/2008,26/02/2008,3459.5,3463.5,82889620,1198,108010,,,,,,
6e49c6f6d9_NQ1Ind_178,NASDAQ 100 E-MINI,NQ1 Index,29/02/2008,06/03/2008,3462.25,3435.5,101443925,1465,-767570,,,,,,
6e49c6f6d9_NQ1Ind_179,NASDAQ 100 E-MINI,NQ1 Index,11/03/2008,12/03/2008,3353.25,3429.25,110992575,1655,1900000,,,,,,
6e49c6f6d9_NQ1Ind_180,NASDAQ 100 E-MINI,NQ1 Index,12/05/2008,13/05/2008,3632.75,3666.75,84134490,1158,873120,,,,,,
6e49c6f6d9_NQ1Ind_181,NASDAQ 100 E-MINI,NQ1 Index,20/05/2008,26/05/2008,3695.25,3635.5,108788160,1472,-1722860,,,,,,
6e49c6f6d9_NQ1Ind_182,NASDAQ 100 E-MINI,NQ1 Index,04/06/2008,06/06/2008,3667.75,3727.25,104457520,1424,1681720,,,,,,
6e49c6f6d9_NQ1Ind_183,NASDAQ 100 E-MINI,NQ1 Index,19/06/2008,20/06/2008,3622.25,3653.25,82369965,1137,729740,,,,,,
6e49c6f6d9_NQ1Ind_184,NASDAQ 100 E-MINI,NQ1 Index,25/06/2008,01/07/2008,3572.25,3509.5,76946265,1077,-1356235,,,,,,
6e49c6f6d9_NQ1Ind_185,NASDAQ 100 E-MINI,NQ1 Index,08/07/2008,09/07/2008,3493,3529.75,73213280,1048,803355,,,,,,
6e49c6f6d9_NQ1Ind_186,NASDAQ 100 E-MINI,NQ1 Index,05/08/2008,06/08/2008,3472.5,3529.75,94868700,1366,1375145,,,,,,
6e49c6f6d9_NQ1Ind_187,NASDAQ 100 E-MINI,NQ1 Index,19/08/2008,25/08/2008,3604.25,3590.75,97098495,1347,-342785,,,,,,
6e49c6f6d9_NQ1Ind_188,NASDAQ 100 E-MINI,NQ1 Index,28/08/2008,11/09/2008,3562.5,3395,98396250,1381,-2930010,,,,,,
6e49c6f6d9_NQ1Ind_189,NASDAQ 100 E-MINI,NQ1 Index,18/09/2008,22/09/2008,3301.25,3389.25,71505075,1083,1664320,,,,,,
6e49c6f6d9_NQ1Ind_190,NASDAQ 100 E-MINI,NQ1 Index,06/10/2008,10/10/2008,3131.75,2936,35701950,570,-2165595,,,,,,
6e49c6f6d9_NQ1Ind_191,NASDAQ 100 E-MINI,NQ1 Index,24/10/2008,29/10/2008,2907.75,2959.75,23436465,403,418480,,,,,,
6e49c6f6d9_NQ1Ind_192,NASDAQ 100 E-MINI,NQ1 Index,06/11/2008,25/11/2008,2960.5,2800,24631360,416,-68945,,,,,,
6e49c6f6d9_NQ1Ind_193,NASDAQ 100 E-MINI,NQ1 Index,03/12/2008,04/12/2008,2787.25,2812,32666570,586,288090,,,,,,
6e49c6f6d9_NQ1Ind_194,NASDAQ 100 E-MINI,NQ1 Index,18/12/2008,24/12/2008,2880.5,2837.75,42228130,733,-678075,,,,,,
6e49c6f6d9_NQ1Ind_195,NASDAQ 100 E-MINI,NQ1 Index,12/01/2009,16/01/2009,2873.5,2833,82469450,1435,-1195100,,,,,,
6e49c6f6d9_NQ1Ind_196,NASDAQ 100 E-MINI,NQ1 Index,12/02/2009,13/02/2009,2876.5,2897.25,68518230,1191,488040,,,,,,
6e49c6f6d9_NQ1Ind_197,NASDAQ 100 E-MINI,NQ1 Index,10/03/2009,11/03/2009,2698.5,2760.25,82304250,1525,1517815,,,,,,
6e49c6f6d9_NQ1Ind_198,NASDAQ 100 E-MINI,NQ1 Index,23/03/2009,24/03/2009,2840.5,2906,67547090,1189,1382050,,,,,,
6e49c6f6d9_NQ1Ind_199,NASDAQ 100 E-MINI,NQ1 Index,01/04/2009,03/04/2009,2890,2956.25,63117600,1092,1464840,,,,,,
6e49c6f6d9_NQ1Ind_200,NASDAQ 100 E-MINI,NQ1 Index,16/04/2009,17/04/2009,2969.5,3003.25,69961420,1178,799875,,,,,,
6e49c6f6d9_NQ1Ind_201,NASDAQ 100 E-MINI,NQ1 Index,13/05/2009,19/05/2009,3037.5,3041.5,101209500,1666,194465,,,,,,
6e49c6f6d9_NQ1Ind_202,NASDAQ 100 E-MINI,NQ1 Index,16/06/2009,22/06/2009,3111.25,3117.75,105533600,1696,237870,,,,,,
6e49c6f6d9_NQ1Ind_203,NASDAQ 100 E-MINI,NQ1 Index,24/06/2009,25/06/2009,3078,3100.25,102620520,1667,860185,,,,,,
6e49c6f6d9_NQ1Ind_204,NASDAQ 100 E-MINI,NQ1 Index,30/06/2009,14/07/2009,3135.5,3095.75,119901520,1912,-479020,,,,,,
6e49c6f6d9_NQ1Ind_205,NASDAQ 100 E-MINI,NQ1 Index,03/08/2009,04/08/2009,3256,3279.5,112527360,1728,910390,,,,,,
6e49c6f6d9_NQ1Ind_206,NASDAQ 100 E-MINI,NQ1 Index,18/08/2009,20/08/2009,3220.25,3252,114318875,1775,1106095,,,,,,
6e49c6f6d9_NQ1Ind_207,NASDAQ 100 E-MINI,NQ1 Index,27/08/2009,04/09/2009,3290.5,3258.5,116878560,1776,-1047025,,,,,,
6e49c6f6d9_NQ1Ind_208,NASDAQ 100 E-MINI,NQ1 Index,25/09/2009,06/10/2009,3355.75,3330.25,142418030,2122,-775430,,,,,,
6e49c6f6d9_NQ1Ind_209,NASDAQ 100 E-MINI,NQ1 Index,18/11/2009,24/11/2009,3465,3446.5,106098300,1531,-593200,,,,,,
6e49c6f6d9_NQ1Ind_210,NASDAQ 100 E-MINI,NQ1 Index,27/11/2009,02/12/2009,3450.5,3447.5,114487590,1659,23185,,,,,,
6e49c6f6d9_NQ1Ind_211,NASDAQ 100 E-MINI,NQ1 Index,04/01/2010,05/01/2010,3517.25,3545,165099715,2347,1212120,,,,,,
6e49c6f6d9_NQ1Ind_212,NASDAQ 100 E-MINI,NQ1 Index,25/01/2010,29/01/2010,3456.25,3436.25,115162250,1666,-718500,,,,,,
6e49c6f6d9_NQ1Ind_213,NASDAQ 100 E-MINI,NQ1 Index,09/02/2010,12/02/2010,3393,3431.75,93307500,1375,1057835,,,,,,
6e49c6f6d9_NQ1Ind_214,NASDAQ 100 E-MINI,NQ1 Index,16/03/2010,17/03/2010,3578.25,3589.75,217772295,3043,696670,,,,,,
6e49c6f6d9_NQ1Ind_215,NASDAQ 100 E-MINI,NQ1 Index,14/04/2010,15/04/2010,3662.5,3687.25,265384750,3623,1600830,,,,,,
6e49c6f6d9_NQ1Ind_216,NASDAQ 100 E-MINI,NQ1 Index,07/05/2010,11/05/2010,3547.25,3601,79671235,1123,1171780,,,,,,
6e49c6f6d9_NQ1Ind_217,NASDAQ 100 E-MINI,NQ1 Index,21/05/2010,27/05/2010,3461.75,3449.5,55595705,803,-199545,,,,,,
6e49c6f6d9_NQ1Ind_218,NASDAQ 100 E-MINI,NQ1 Index,09/06/2010,14/06/2010,3452.75,3511.25,54208175,785,1066455,,,,,,
6e49c6f6d9_NQ1Ind_219,NASDAQ 100 E-MINI,NQ1 Index,24/06/2010,08/07/2010,3536.75,3451.5,71300880,1008,-1170320,,,,,,
6e49c6f6d9_NQ1Ind_220,NASDAQ 100 E-MINI,NQ1 Index,19/07/2010,21/07/2010,3465,3502.75,85100400,1228,927140,,,,,,
6e49c6f6d9_NQ1Ind_221,NASDAQ 100 E-MINI,NQ1 Index,02/08/2010,03/08/2010,3525.25,3556.75,99271040,1408,872550,,,,,,
6e49c6f6d9_NQ1Ind_222,NASDAQ 100 E-MINI,NQ1 Index,13/08/2010,18/08/2010,3490.25,3503,91095525,1305,387005,,,,,,
6e49c6f6d9_NQ1Ind_223,NASDAQ 100 E-MINI,NQ1 Index,24/09/2010,27/09/2010,3647,3684.25,129760260,1779,1260540,,,,,,
6e49c6f6d9_NQ1Ind_224,NASDAQ 100 E-MINI,NQ1 Index,21/10/2010,26/10/2010,3749.25,3774.75,133698255,1783,909720,,,,,,
6e49c6f6d9_NQ1Ind_225,NASDAQ 100 E-MINI,NQ1 Index,24/11/2010,26/11/2010,3784.5,3822,124358670,1643,1130250,,,,,,
6e49c6f6d9_NQ1Ind_226,NASDAQ 100 E-MINI,NQ1 Index,01/12/2010,02/12/2010,3782.5,3824.5,108179500,1430,1111320,,,,,,
6e49c6f6d9_NQ1Ind_227,NASDAQ 100 E-MINI,NQ1 Index,03/01/2011,04/01/2011,3883.25,3917,245732060,3164,1971675,,,,,,
6e49c6f6d9_NQ1Ind_228,NASDAQ 100 E-MINI,NQ1 Index,16/02/2011,17/02/2011,4048.75,4059.25,122758100,1516,318360,,,,,,
6e49c6f6d9_NQ1Ind_229,NASDAQ 100 E-MINI,NQ1 Index,23/02/2011,28/02/2011,3989,4012.5,100921700,1265,604020,,,,,,
6e49c6f6d9_NQ1Ind_230,NASDAQ 100 E-MINI,NQ1 Index,17/03/2011,22/03/2011,3878,3925.75,84617960,1091,1030020,,,,,,
6e49c6f6d9_NQ1Ind_231,NASDAQ 100 E-MINI,NQ1 Index,13/04/2011,19/04/2011,3962.5,3958.5,118637250,1497,-196235,,,,,,
6e49c6f6d9_NQ1Ind_232,NASDAQ 100 E-MINI,NQ1 Index,03/05/2011,09/05/2011,4071,4047.5,164794080,2024,-932490,,,,,,
6e49c6f6d9_NQ1Ind_233,NASDAQ 100 E-MINI,NQ1 Index,18/05/2011,19/05/2011,4006.75,4031.5,127574920,1592,788535,,,,,,
6e49c6f6d9_NQ1Ind_234,NASDAQ 100 E-MINI,NQ1 Index,25/05/2011,27/05/2011,3971.25,3996,137008125,1725,854260,,,,,,
6e49c6f6d9_NQ1Ind_235,NASDAQ 100 E-MINI,NQ1 Index,08/06/2011,14/06/2011,3943,3896.5,101887120,1292,-1222345,,,,,,
6e49c6f6d9_NQ1Ind_236,NASDAQ 100 E-MINI,NQ1 Index,20/06/2011,22/06/2011,3863.25,3916.25,103921425,1345,1422110,,,,,,
6e49c6f6d9_NQ1Ind_237,NASDAQ 100 E-MINI,NQ1 Index,27/06/2011,29/06/2011,3880.75,3956,94767915,1221,1734720,,,,,,
6e49c6f6d9_NQ1Ind_238,NASDAQ 100 E-MINI,NQ1 Index,13/07/2011,19/07/2011,4017.5,4014.75,95054050,1183,-90400,,,,,,
6e49c6f6d9_NQ1Ind_239,NASDAQ 100 E-MINI,NQ1 Index,29/07/2011,11/08/2011,4043,3755.75,93878460,1161,-4055085,,,,,,
6e49c6f6d9_NQ1Ind_240,NASDAQ 100 E-MINI,NQ1 Index,19/08/2011,24/08/2011,3755,3797,39727900,529,453360,,,,,,
6e49c6f6d9_NQ1Ind_241,NASDAQ 100 E-MINI,NQ1 Index,07/09/2011,08/09/2011,3838.25,3898,39457210,514,720585,,,,,,
6e49c6f6d9_NQ1Ind_242,NASDAQ 100 E-MINI,NQ1 Index,22/09/2011,27/09/2011,3923.5,3904.5,66934910,853,-324430,,,,,,
6e49c6f6d9_NQ1Ind_243,NASDAQ 100 E-MINI,NQ1 Index,03/10/2011,06/10/2011,3812.5,3845.25,64736250,849,515760,,,,,,
6e49c6f6d9_NQ1Ind_244,NASDAQ 100 E-MINI,NQ1 Index,02/11/2011,04/11/2011,3981.5,4040,61553990,773,924460,,,,,,
6e49c6f6d9_NQ1Ind_245,NASDAQ 100 E-MINI,NQ1 Index,21/11/2011,28/11/2011,3927.75,3861,62058450,790,-1076695,,,,,,
6e49c6f6d9_NQ1Ind_246,NASDAQ 100 E-MINI,NQ1 Index,15/12/2011,21/12/2011,3911,3952,66956320,856,756135,,,,,,
6e49c6f6d9_NQ1Ind_247,NASDAQ 100 E-MINI,NQ1 Index,27/01/2012,02/02/2012,4135.75,4171,182303860,2204,1759805,,,,,,
6e49c6f6d9_NQ1Ind_248,NASDAQ 100 E-MINI,NQ1 Index,07/03/2012,09/03/2012,4272,4323,155671680,1822,1817760,,,,,,
6e49c6f6d9_NQ1Ind_249,NASDAQ 100 E-MINI,NQ1 Index,23/03/2012,27/03/2012,4419.5,4464,159809120,1808,1632985,,,,,,
6e49c6f6d9_NQ1Ind_250,NASDAQ 100 E-MINI,NQ1 Index,30/03/2012,03/04/2012,4446.5,4465.25,143533020,1614,606000,,,,,,
6e49c6f6d9_NQ1Ind_251,NASDAQ 100 E-MINI,NQ1 Index,09/04/2012,13/04/2012,4442,4426.75,143743120,1618,-424940,,,,,,
6e49c6f6d9_NQ1Ind_252,NASDAQ 100 E-MINI,NQ1 Index,23/04/2012,26/04/2012,4362.5,4392.75,104089250,1193,898075,,,,,,
6e49c6f6d9_NQ1Ind_253,NASDAQ 100 E-MINI,NQ1 Index,07/05/2012,22/05/2012,4313.75,4233,84635775,981,-1089710,,,,,,
6e49c6f6d9_NQ1Ind_254,NASDAQ 100 E-MINI,NQ1 Index,04/06/2012,06/06/2012,4143.25,4178.5,81290565,981,692540,,,,,,
6e49c6f6d9_NQ1Ind_255,NASDAQ 100 E-MINI,NQ1 Index,10/07/2012,16/07/2012,4300,4271.25,78776000,916,-501425,,,,,,
6e49c6f6d9_NQ1Ind_256,NASDAQ 100 E-MINI,NQ1 Index,25/07/2012,27/07/2012,4242.5,4266.75,81625700,962,492225,,,,,,
6e49c6f6d9_NQ1Ind_257,NASDAQ 100 E-MINI,NQ1 Index,23/08/2012,29/08/2012,4475.25,4476,140075325,1565,19395,,,,,,
6e49c6f6d9_NQ1Ind_258,NASDAQ 100 E-MINI,NQ1 Index,12/09/2012,14/09/2012,4473.5,4521.5,144762460,1618,1536700,,,,,,
6e49c6f6d9_NQ1Ind_259,NASDAQ 100 E-MINI,NQ1 Index,20/09/2012,28/09/2012,4554.5,4515.5,138183530,1517,-481960,,,,,,
6e49c6f6d9_NQ1Ind_260,NASDAQ 100 E-MINI,NQ1 Index,03/10/2012,04/10/2012,4496.25,4510,117981600,1312,358875,,,,,,
6e49c6f6d9_NQ1Ind_261,NASDAQ 100 E-MINI,NQ1 Index,11/10/2012,16/10/2012,4423.75,4433.5,125280600,1416,331440,,,,,,
6e49c6f6d9_NQ1Ind_262,NASDAQ 100 E-MINI,NQ1 Index,01/11/2012,02/11/2012,4341.5,4387,111663380,1286,1075620,,,,,,
6e49c6f6d9_NQ1Ind_263,NASDAQ 100 E-MINI,NQ1 Index,12/11/2012,16/11/2012,4281.5,4223.75,87085710,1017,-1192000,,,,,,
6e49c6f6d9_NQ1Ind_264,NASDAQ 100 E-MINI,NQ1 Index,24/12/2012,31/12/2012,4367.25,4297,121933620,1396,-2064345,,,,,,
6e49c6f6d9_NQ1Ind_265,NASDAQ 100 E-MINI,NQ1 Index,09/01/2013,11/01/2013,4420.75,4449.25,86381455,977,563160,,,,,,
6e49c6f6d9_NQ1Ind_266,NASDAQ 100 E-MINI,NQ1 Index,16/01/2013,18/01/2013,4421,4442.25,89923140,1017,437100,,,,,,
6e49c6f6d9_NQ1Ind_267,NASDAQ 100 E-MINI,NQ1 Index,20/03/2013,25/03/2013,4492.5,4506.5,143220900,1594,561765,,,,,,
6e49c6f6d9_NQ1Ind_268,NASDAQ 100 E-MINI,NQ1 Index,08/04/2013,10/04/2013,4476,4512,199271520,2226,1559670,,,,,,
6e49c6f6d9_NQ1Ind_269,NASDAQ 100 E-MINI,NQ1 Index,16/04/2013,22/04/2013,4496.5,4485.5,118707600,1320,-290830,,,,,,
6e49c6f6d9_NQ1Ind_270,NASDAQ 100 E-MINI,NQ1 Index,05/06/2013,10/06/2013,4687.75,4696.5,225199510,2402,334330,,,,,,
6e49c6f6d9_NQ1Ind_271,NASDAQ 100 E-MINI,NQ1 Index,14/06/2013,18/06/2013,4675.5,4687.75,137553210,1471,349735,,,,,,
6e49c6f6d9_NQ1Ind_272,NASDAQ 100 E-MINI,NQ1 Index,01/07/2013,08/07/2013,4619.75,4680,98308280,1064,1293265,,,,,,
6e49c6f6d9_NQ1Ind_273,NASDAQ 100 E-MINI,NQ1 Index,18/07/2013,24/07/2013,4797.75,4756.5,114858135,1197,-1064155,,,,,,
6e49c6f6d9_NQ1Ind_274,NASDAQ 100 E-MINI,NQ1 Index,12/08/2013,14/08/2013,4831.75,4857.25,191530570,1982,1005985,,,,,,
6e49c6f6d9_NQ1Ind_275,NASDAQ 100 E-MINI,NQ1 Index,28/08/2013,30/08/2013,4778,4812,123750200,1295,891440,,,,,,
6e49c6f6d9_NQ1Ind_276,NASDAQ 100 E-MINI,NQ1 Index,16/09/2013,19/09/2013,4897.25,4950.25,120864130,1234,1466230,,,,,,
6e49c6f6d9_NQ1Ind_277,NASDAQ 100 E-MINI,NQ1 Index,25/09/2013,27/09/2013,4939,4955.5,138390780,1401,486180,,,,,,
6e49c6f6d9_NQ1Ind_278,NASDAQ 100 E-MINI,NQ1 Index,10/10/2013,11/10/2013,4858.25,4919.25,128646460,1324,1399340,,,,,,
6e49c6f6d9_NQ1Ind_279,NASDAQ 100 E-MINI,NQ1 Index,19/11/2013,22/11/2013,5109.75,5126.5,146138850,1430,474345,,,,,,
6e49c6f6d9_NQ1Ind_280,NASDAQ 100 E-MINI,NQ1 Index,12/12/2013,18/12/2013,5197,5191.25,164121260,1579,-159505,,,,,,
6e49c6f6d9_NQ1Ind_281,NASDAQ 100 E-MINI,NQ1 Index,07/01/2014,08/01/2014,5249.25,5279.75,143304525,1365,804590,,,,,,
6e49c6f6d9_NQ1Ind_282,NASDAQ 100 E-MINI,NQ1 Index,14/01/2014,15/01/2014,5241,5305.25,134064780,1279,1450765,,,,,,
6e49c6f6d9_NQ1Ind_283,NASDAQ 100 E-MINI,NQ1 Index,28/01/2014,03/02/2014,5234.5,5245.5,105632210,1009,206400,,,,,,
6e49c6f6d9_NQ1Ind_284,NASDAQ 100 E-MINI,NQ1 Index,28/02/2014,05/03/2014,5433,5450,110289900,1015,330080,,,,,,
6e49c6f6d9_NQ1Ind_285,NASDAQ 100 E-MINI,NQ1 Index,13/03/2014,19/03/2014,5438.25,5434.25,169999695,1563,-167775,,,,,,
6e49c6f6d9_NQ1Ind_286,NASDAQ 100 E-MINI,NQ1 Index,25/03/2014,31/03/2014,5349.5,5311,117795990,1101,-854570,,,,,,
6e49c6f6d9_NQ1Ind_287,NASDAQ 100 E-MINI,NQ1 Index,08/04/2014,10/04/2014,5237.75,5331.75,87679935,837,1535320,,,,,,
6e49c6f6d9_NQ1Ind_288,NASDAQ 100 E-MINI,NQ1 Index,05/05/2014,09/05/2014,5317.75,5272,76469245,719,-692385,,,,,,
6e49c6f6d9_NQ1Ind_289,NASDAQ 100 E-MINI,NQ1 Index,16/05/2014,20/05/2014,5301.75,5349.75,122894565,1159,1105520,,,,,,
6e49c6f6d9_NQ1Ind_290,NASDAQ 100 E-MINI,NQ1 Index,25/06/2014,30/06/2014,5540.25,5577.25,220169535,1987,1752220,,,,,,
6e49c6f6d9_NQ1Ind_291,NASDAQ 100 E-MINI,NQ1 Index,10/07/2014,14/07/2014,5631.25,5643.75,194841250,1730,424350,,,,,,
6e49c6f6d9_NQ1Ind_292,NASDAQ 100 E-MINI,NQ1 Index,18/07/2014,21/07/2014,5621.75,5675.25,164717275,1465,1418820,,,,,,
6e49c6f6d9_NQ1Ind_293,NASDAQ 100 E-MINI,NQ1 Index,08/08/2014,12/08/2014,5602.5,5653.25,122022450,1089,1098545,,,,,,
6e49c6f6d9_NQ1Ind_294,NASDAQ 100 E-MINI,NQ1 Index,24/09/2014,25/09/2014,5790.25,5838.5,177760675,1535,1302750,,,,,,
6e49c6f6d9_NQ1Ind_295,NASDAQ 100 E-MINI,NQ1 Index,14/10/2014,20/10/2014,5551.75,5565,72505855,653,172035,,,,,,
6e49c6f6d9_NQ1Ind_296,NASDAQ 100 E-MINI,NQ1 Index,02/12/2014,08/12/2014,6039.75,6066,169354590,1402,856555,,,,,,
6e49c6f6d9_NQ1Ind_297,NASDAQ 100 E-MINI,NQ1 Index,11/12/2014,17/12/2014,5980.5,5846.5,149871330,1253,-3163540,,,,,,
6e49c6f6d9_NQ1Ind_298,NASDAQ 100 E-MINI,NQ1 Index,02/01/2015,08/01/2015,5991,5910.5,89146080,744,-1222085,,,,,,
6e49c6f6d9_NQ1Ind_299,NASDAQ 100 E-MINI,NQ1 Index,14/01/2015,21/01/2015,5916.75,5924.25,76444410,646,90580,,,,,,
6e49c6f6d9_NQ1Ind_300,NASDAQ 100 E-MINI,NQ1 Index,28/01/2015,03/02/2015,5935.75,5939,80370055,677,42300,,,,,,
6e49c6f6d9_NQ1Ind_301,NASDAQ 100 E-MINI,NQ1 Index,26/02/2015,27/02/2015,6195,6218.75,99987300,807,471200,,,,,,
6e49c6f6d9_NQ1Ind_302,NASDAQ 100 E-MINI,NQ1 Index,12/03/2015,17/03/2015,6066,6112.75,117801720,971,974980,,,,,,
6e49c6f6d9_NQ1Ind_303,NASDAQ 100 E-MINI,NQ1 Index,20/03/2015,30/03/2015,6186.75,6092.25,122868855,993,-1685955,,,,,,
6e49c6f6d9_NQ1Ind_304,NASDAQ 100 E-MINI,NQ1 Index,15/04/2015,16/04/2015,6162.5,6191,113636500,922,523260,,,,,,
6e49c6f6d9_NQ1Ind_305,NASDAQ 100 E-MINI,NQ1 Index,16/06/2015,17/06/2015,6199.25,6223.5,131052145,1057,503430,,,,,,
6e49c6f6d9_NQ1Ind_306,NASDAQ 100 E-MINI,NQ1 Index,08/07/2015,13/07/2015,6193.5,6155.25,102316620,826,-591030,,,,,,
6e49c6f6d9_NQ1Ind_307,NASDAQ 100 E-MINI,NQ1 Index,24/07/2015,30/07/2015,6391.25,6334,89477500,700,-788585,,,,,,
6e49c6f6d9_NQ1Ind_308,NASDAQ 100 E-MINI,NQ1 Index,04/08/2015,06/08/2015,6344.25,6363,97067025,765,285080,,,,,,
6e49c6f6d9_NQ1Ind_309,NASDAQ 100 E-MINI,NQ1 Index,24/08/2015,27/08/2015,5972,5994,67841920,568,170235,,,,,,
6e49c6f6d9_NQ1Ind_310,NASDAQ 100 E-MINI,NQ1 Index,02/09/2015,09/09/2015,5929.5,6071.5,41980860,354,972765,,,,,,
6e49c6f6d9_NQ1Ind_311,NASDAQ 100 E-MINI,NQ1 Index,25/09/2015,01/10/2015,6025,5933,53381500,443,-967050,,,,,,
6e49c6f6d9_NQ1Ind_312,NASDAQ 100 E-MINI,NQ1 Index,14/10/2015,16/10/2015,6120.25,6188.75,79563250,650,915510,,,,,,
6e49c6f6d9_NQ1Ind_313,NASDAQ 100 E-MINI,NQ1 Index,16/11/2015,18/11/2015,6281,6349.25,82029860,653,868155,,,,,,
6e49c6f6d9_NQ1Ind_314,NASDAQ 100 E-MINI,NQ1 Index,27/11/2015,16/12/2015,6456.25,6387,107173750,830,425510,,,,,,
6e49c6f6d9_NQ1Ind_315,NASDAQ 100 E-MINI,NQ1 Index,05/01/2016,11/01/2016,6288,6047.75,65269440,519,-2746150,,,,,,
6e49c6f6d9_NQ1Ind_316,NASDAQ 100 E-MINI,NQ1 Index,21/01/2016,25/01/2016,5916.5,6031,56798400,480,1110650,,,,,,
6e49c6f6d9_NQ1Ind_317,NASDAQ 100 E-MINI,NQ1 Index,28/01/2016,01/02/2016,5910.5,6046.75,51539560,436,1177130,,,,,,
6e49c6f6d9_NQ1Ind_318,NASDAQ 100 E-MINI,NQ1 Index,05/02/2016,16/02/2016,5939.25,5805,49176990,414,-964780,,,,,,
6e49c6f6d9_NQ1Ind_319,NASDAQ 100 E-MINI,NQ1 Index,29/04/2016,10/05/2016,6174.5,6127.25,113116840,916,-578580,,,,,,
6e49c6f6d9_NQ1Ind_320,NASDAQ 100 E-MINI,NQ1 Index,03/06/2016,23/06/2016,6324.75,6210,116122410,918,-2317205,,,,,,
6e49c6f6d9_NQ1Ind_321,NASDAQ 100 E-MINI,NQ1 Index,11/08/2016,16/08/2016,6581.75,6623,208641475,1585,1345495,,,,,,
6e49c6f6d9_NQ1Ind_322,NASDAQ 100 E-MINI,NQ1 Index,25/08/2016,07/09/2016,6586.5,6629.25,218144880,1656,1972220,,,,,,
6e49c6f6d9_NQ1Ind_323,NASDAQ 100 E-MINI,NQ1 Index,21/09/2016,22/09/2016,6604,6654.5,95625920,724,708010,,,,,,
6e49c6f6d9_NQ1Ind_324,NASDAQ 100 E-MINI,NQ1 Index,27/09/2016,28/09/2016,6620.5,6663,89641570,677,563550,,,,,,
6e49c6f6d9_NQ1Ind_325,NASDAQ 100 E-MINI,NQ1 Index,14/10/2016,19/10/2016,6601.5,6629.25,120015270,909,599660,,,,,,
6e49c6f6d9_NQ1Ind_326,NASDAQ 100 E-MINI,NQ1 Index,03/11/2016,08/11/2016,6522.25,6583,142185050,1090,1292155,,,,,,
6e49c6f6d9_NQ1Ind_327,NASDAQ 100 E-MINI,NQ1 Index,27/12/2016,28/12/2016,6748.25,6767.25,124032835,919,349220,,,,,,
6e49c6f6d9_NQ1Ind_328,NASDAQ 100 E-MINI,NQ1 Index,03/01/2017,05/01/2017,6670,6740.75,120060000,900,1458665,,,,,,
6e49c6f6d9_NQ1Ind_329,NASDAQ 100 E-MINI,NQ1 Index,31/01/2017,02/02/2017,6930.5,6953.75,167302270,1207,553545,,,,,,
6e49c6f6d9_NQ1Ind_330,NASDAQ 100 E-MINI,NQ1 Index,09/02/2017,10/02/2017,6997.25,7017.25,212296565,1517,601200,,,,,,
6e49c6f6d9_NQ1Ind_331,NASDAQ 100 E-MINI,NQ1 Index,27/02/2017,28/02/2017,7149.25,7151,233637490,1634,57330,,,,,,
6e49c6f6d9_NQ1Ind_332,NASDAQ 100 E-MINI,NQ1 Index,07/03/2017,13/03/2017,7168.5,7190.75,239714640,1672,733610,,,,,,
6e49c6f6d9_NQ1Ind_333,NASDAQ 100 E-MINI,NQ1 Index,22/03/2017,29/03/2017,7142.5,7213.25,174562700,1222,1228915,,,,,,
6e49c6f6d9_NQ1Ind_334,NASDAQ 100 E-MINI,NQ1 Index,12/04/2017,19/04/2017,7206,7194,182455920,1266,-253185,,,,,,
6e49c6f6d9_NQ1Ind_335,NASDAQ 100 E-MINI,NQ1 Index,18/05/2017,22/05/2017,7383,7457,109416060,741,1071420,,,,,,
6e49c6f6d9_NQ1Ind_336,NASDAQ 100 E-MINI,NQ1 Index,19/06/2017,20/06/2017,7482,7564.75,106543680,712,1125400,,,,,,
6e49c6f6d9_NQ1Ind_337,NASDAQ 100 E-MINI,NQ1 Index,31/07/2017,04/08/2017,7708.25,7687,110690470,718,-429025,,,,,,
6e49c6f6d9_NQ1Ind_338,NASDAQ 100 E-MINI,NQ1 Index,11/08/2017,15/08/2017,7587.75,7711.5,129143505,851,2026840,,,,,,
6e49c6f6d9_NQ1Ind_339,NASDAQ 100 E-MINI,NQ1 Index,21/08/2017,23/08/2017,7599.25,7676.25,100918040,664,1022805,,,,,,
6e49c6f6d9_NQ1Ind_340,NASDAQ 100 E-MINI,NQ1 Index,25/09/2017,28/09/2017,7726.75,7727,145417435,941,8895,,,,,,
6e49c6f6d9_NQ1Ind_341,NASDAQ 100 E-MINI,NQ1 Index,16/11/2017,17/11/2017,8057.25,8133.75,139229280,864,1228590,,,,,,
6e49c6f6d9_NQ1Ind_342,NASDAQ 100 E-MINI,NQ1 Index,06/12/2017,08/12/2017,8063.25,8117.5,115949535,719,780705,,,,,,
6e49c6f6d9_NQ1Ind_343,NASDAQ 100 E-MINI,NQ1 Index,27/12/2017,03/01/2018,8233,8286.25,114603360,696,1020635,,,,,,
6e49c6f6d9_NQ1Ind_344,NASDAQ 100 E-MINI,NQ1 Index,06/02/2018,12/02/2018,8202.25,8207.5,56431480,344,-28420,,,,,,
6e49c6f6d9_NQ1Ind_345,NASDAQ 100 E-MINI,NQ1 Index,02/03/2018,06/03/2018,8533.75,8654.25,40620650,238,573490,,,,,,
6e49c6f6d9_NQ1Ind_346,NASDAQ 100 E-MINI,NQ1 Index,15/03/2018,21/03/2018,8804,8658.5,77299120,439,-1332600,,,,,,
6e49c6f6d9_NQ1Ind_347,NASDAQ 100 E-MINI,NQ1 Index,26/03/2018,27/03/2018,8300.25,8521.75,60259815,363,1448610,,,,,,
6e49c6f6d9_NQ1Ind_348,NASDAQ 100 E-MINI,NQ1 Index,25/04/2018,27/04/2018,8272.75,8490.75,44507395,269,1300880,,,,,,
6e49c6f6d9_NQ1Ind_349,NASDAQ 100 E-MINI,NQ1 Index,25/05/2018,01/06/2018,8703.25,8724.75,84943720,488,270800,,,,,,
6e49c6f6d9_NQ1Ind_350,NASDAQ 100 E-MINI,NQ1 Index,20/06/2018,21/06/2018,8973.75,9036.75,145195275,809,997920,,,,,,
6e49c6f6d9_NQ1Ind_351,NASDAQ 100 E-MINI,NQ1 Index,26/06/2018,02/07/2018,8795,8789.75,98152200,558,-120805,,,,,,
6e49c6f6d9_NQ1Ind_352,NASDAQ 100 E-MINI,NQ1 Index,31/07/2018,03/08/2018,8922,9113.5,76550760,429,1638855,,,,,,
6e49c6f6d9_NQ1Ind_353,NASDAQ 100 E-MINI,NQ1 Index,13/08/2018,17/08/2018,9148.5,9104,95693310,523,-485220,,,,,,
6e49c6f6d9_NQ1Ind_354,NASDAQ 100 E-MINI,NQ1 Index,09/10/2018,15/10/2018,9085.25,8870.25,94486600,520,-2830490,,,,,,
6e49c6f6d9_NQ1Ind_355,NASDAQ 100 E-MINI,NQ1 Index,22/10/2018,26/10/2018,8800,8575.5,45056000,256,-1171935,,,,,,
6e49c6f6d9_NQ1Ind_356,NASDAQ 100 E-MINI,NQ1 Index,13/11/2018,19/11/2018,8528.5,8568.5,38037110,223,246380,,,,,,
6e49c6f6d9_NQ1Ind_357,NASDAQ 100 E-MINI,NQ1 Index,21/11/2018,27/11/2018,8226,8333,38333160,233,565630,,,,,,
6e49c6f6d9_NQ1Ind_358,NASDAQ 100 E-MINI,NQ1 Index,07/12/2018,12/12/2018,8518,8374,40886400,240,-710740,,,,,,
6e49c6f6d9_NQ1Ind_359,NASDAQ 100 E-MINI,NQ1 Index,18/12/2018,27/12/2018,8156.25,7950,42086250,258,-795785,,,,,,
6e49c6f6d9_NQ1Ind_360,NASDAQ 100 E-MINI,NQ1 Index,04/01/2019,07/01/2019,7829,8118.25,33351540,213,1174355,,,,,,
6e49c6f6d9_NQ1Ind_361,NASDAQ 100 E-MINI,NQ1 Index,11/02/2019,13/02/2019,8583.75,8684.25,65751525,383,770080,,,,,,
6e49c6f6d9_NQ1Ind_362,NASDAQ 100 E-MINI,NQ1 Index,08/03/2019,12/03/2019,8696.5,8840.5,121577070,699,2006855,,,,,,
6e49c6f6d9_NQ1Ind_363,NASDAQ 100 E-MINI,NQ1 Index,27/03/2019,01/04/2019,9017.25,9070.5,85663875,475,497830,,,,,,
6e49c6f6d9_NQ1Ind_364,NASDAQ 100 E-MINI,NQ1 Index,09/05/2019,15/05/2019,9288,9069.75,103654080,558,-2870740,,,,,,
6e49c6f6d9_NQ1Ind_365,NASDAQ 100 E-MINI,NQ1 Index,29/05/2019,04/06/2019,8935.75,8649.25,57903660,324,-1810275,,,,,,
6e49c6f6d9_NQ1Ind_366,NASDAQ 100 E-MINI,NQ1 Index,17/06/2019,18/06/2019,9119.75,9185.5,63291065,347,458935,,,,,,
6e49c6f6d9_NQ1Ind_367,NASDAQ 100 E-MINI,NQ1 Index,18/07/2019,24/07/2019,9500.5,9559,102985420,542,596010,,,,,,
6e49c6f6d9_NQ1Ind_368,NASDAQ 100 E-MINI,NQ1 Index,01/08/2019,07/08/2019,9481.75,9127.75,105247425,555,-4230480,,,,,,
6e49c6f6d9_NQ1Ind_369,NASDAQ 100 E-MINI,NQ1 Index,19/09/2019,25/09/2019,9514.5,9334.75,77067450,405,-1475920,,,,,,
6e49c6f6d9_NQ1Ind_370,NASDAQ 100 E-MINI,NQ1 Index,21/10/2019,25/10/2019,9477.25,9525,70321195,371,352960,,,,,,
6e49c6f6d9_NQ1Ind_371,NASDAQ 100 E-MINI,NQ1 Index,01/11/2019,04/11/2019,9686.75,9761.5,88343160,456,702650,,,,,,
6e49c6f6d9_NQ1Ind_372,NASDAQ 100 E-MINI,NQ1 Index,14/11/2019,18/11/2019,9862.25,9915.25,129195475,655,698540,,,,,,
6e49c6f6d9_NQ1Ind_373,NASDAQ 100 E-MINI,NQ1 Index,21/11/2019,26/11/2019,9888.25,9970.75,162365065,821,1335240,,,,,,
6e49c6f6d9_NQ1Ind_374,NASDAQ 100 E-MINI,NQ1 Index,04/12/2019,09/12/2019,9847.75,10007.25,140035005,711,2285200,,,,,,
6e49c6f6d9_NQ1Ind_375,NASDAQ 100 E-MINI,NQ1 Index,24/01/2020,29/01/2020,10824.5,10695.75,124914730,577,-1658825,,,,,,
6e49c6f6d9_NQ1Ind_376,NASDAQ 100 E-MINI,NQ1 Index,19/02/2020,20/02/2020,11212.25,11321,66152275,295,635100,,,,,,
6e49c6f6d9_NQ1Ind_377,NASDAQ 100 E-MINI,NQ1 Index,25/02/2020,02/03/2020,10667.25,9925.5,46509210,218,-3129520,,,,,,
6e49c6f6d9_NQ1Ind_378,NASDAQ 100 E-MINI,NQ1 Index,10/03/2020,16/03/2020,9518.25,9499.5,26460735,139,-308915,,,,,,
6e49c6f6d9_NQ1Ind_379,NASDAQ 100 E-MINI,NQ1 Index,24/03/2020,25/03/2020,8564.25,9124.5,13702800,80,840375,,,,,,
6e49c6f6d9_NQ1Ind_380,NASDAQ 100 E-MINI,NQ1 Index,15/05/2020,19/05/2020,10659.25,10896,43489740,204,981625,,,,,,
6e49c6f6d9_NQ1Ind_381,NASDAQ 100 E-MINI,NQ1 Index,12/06/2020,17/06/2020,11201.25,11549.25,49285500,220,1543300,,,,,,
6e49c6f6d9_NQ1Ind_382,NASDAQ 100 E-MINI,NQ1 Index,22/06/2020,23/06/2020,11521.25,11719.25,53228175,231,910800,,,,,,
6e49c6f6d9_NQ1Ind_383,NASDAQ 100 E-MINI,NQ1 Index,29/06/2020,01/07/2020,11463.25,11738.75,46311530,202,1108010,,,,,,
6e49c6f6d9_NQ1Ind_384,NASDAQ 100 E-MINI,NQ1 Index,24/07/2020,28/07/2020,12146,12280.25,46883560,193,533300,,,,,,
6e49c6f6d9_NQ1Ind_385,NASDAQ 100 E-MINI,NQ1 Index,12/08/2020,18/08/2020,12476.25,12883.25,52150725,209,1633015,,,,,,
6e49c6f6d9_NQ1Ind_386,NASDAQ 100 E-MINI,NQ1 Index,08/09/2020,14/09/2020,13146.75,12700.25,41806665,159,-1214500,,,,,,
6e49c6f6d9_NQ1Ind_387,NASDAQ 100 E-MINI,NQ1 Index,21/09/2020,23/09/2020,12537.75,12771.25,32347395,129,606880,,,,,,
6e49c6f6d9_NQ1Ind_388,NASDAQ 100 E-MINI,NQ1 Index,16/10/2020,22/10/2020,13484.75,13294.25,42881505,159,-617530,,,,,,
6e49c6f6d9_NQ1Ind_389,NASDAQ 100 E-MINI,NQ1 Index,27/10/2020,02/11/2020,13103,12645.25,47432860,181,-1645475,,,,,,
6e49c6f6d9_NQ1Ind_390,NASDAQ 100 E-MINI,NQ1 Index,10/12/2020,15/12/2020,13978.75,14086,71571200,256,680810,,,,,,
6e49c6f6d9_NQ1Ind_391,NASDAQ 100 E-MINI,NQ1 Index,23/12/2020,29/12/2020,14323.5,14458.75,96826860,338,944025,,,,,,
6e49c6f6d9_NQ1Ind_392,NASDAQ 100 E-MINI,NQ1 Index,05/01/2021,08/01/2021,14299,14540.5,92371540,323,1384425,,,,,,
6e49c6f6d9_NQ1Ind_393,NASDAQ 100 E-MINI,NQ1 Index,28/01/2021,02/02/2021,14719,14846,54460300,185,396220,,,,,,
6e49c6f6d9_NQ1Ind_394,NASDAQ 100 E-MINI,NQ1 Index,05/03/2021,10/03/2021,14068.5,14423.5,45581940,162,1040275,,,,,,
6e49c6f6d9_NQ1Ind_395,NASDAQ 100 E-MINI,NQ1 Index,26/03/2021,29/03/2021,14394,14599.25,33969840,118,517230,,,,,,
6e49c6f6d9_NQ1Ind_396,NASDAQ 100 E-MINI,NQ1 Index,05/05/2021,10/05/2021,15159.5,15341.5,73675170,243,875395,,,,,,
6e49c6f6d9_NQ1Ind_397,NASDAQ 100 E-MINI,NQ1 Index,13/05/2021,17/05/2021,14622,15003.75,57903120,198,1512675,,,,,,
6e49c6f6d9_NQ1Ind_398,NASDAQ 100 E-MINI,NQ1 Index,03/06/2021,07/06/2021,15297.25,15399.75,56905770,186,394050,,,,,,
6e49c6f6d9_NQ1Ind_399,NASDAQ 100 E-MINI,NQ1 Index,21/06/2021,23/06/2021,15669.75,15908.75,83989860,268,1396705,,,,,,
6e49c6f6d9_NQ1Ind_400,NASDAQ 100 E-MINI,NQ1 Index,09/07/2021,13/07/2021,16347,16514.75,112467360,344,1153130,,,,,,
6e49c6f6d9_NQ1Ind_401,NASDAQ 100 E-MINI,NQ1 Index,19/07/2021,21/07/2021,16305.25,16364.5,111201805,341,404850,,,,,,
6e49c6f6d9_NQ1Ind_402,NASDAQ 100 E-MINI,NQ1 Index,18/08/2021,23/08/2021,16632.25,16724.75,113764590,342,648450,,,,,,
6e49c6f6d9_NQ1Ind_403,NASDAQ 100 E-MINI,NQ1 Index,13/09/2021,17/09/2021,17079.25,17143,106574520,312,387355,,,,,,
6e49c6f6d9_NQ1Ind_404,NASDAQ 100 E-MINI,NQ1 Index,21/09/2021,23/09/2021,16654.75,16823.5,84273035,253,895130,,,,,,
6e49c6f6d9_NQ1Ind_405,NASDAQ 100 E-MINI,NQ1 Index,30/09/2021,06/10/2021,16385,16307.25,74715600,228,-419815,,,,,,
6e49c6f6d9_NQ1Ind_406,NASDAQ 100 E-MINI,NQ1 Index,13/10/2021,15/10/2021,16298.5,16709,62260270,191,1537650,,,,,,
6e49c6f6d9_NQ1Ind_407,NASDAQ 100 E-MINI,NQ1 Index,10/11/2021,15/11/2021,17858,17857.5,109648120,307,7790,,,,,,
6e49c6f6d9_NQ1Ind_408,NASDAQ 100 E-MINI,NQ1 Index,29/11/2021,03/12/2021,17696.25,17664.5,79279200,224,-135535,,,,,,
6e49c6f6d9_NQ1Ind_409,NASDAQ 100 E-MINI,NQ1 Index,21/12/2021,22/12/2021,17260.75,17618.5,43842305,127,865755,,,,,,
6e49c6f6d9_NQ1Ind_410,NASDAQ 100 E-MINI,NQ1 Index,07/01/2022,12/01/2022,17398.5,17465.5,46280010,133,187040,,,,,,
6e49c6f6d9_NQ1Ind_411,NASDAQ 100 E-MINI,NQ1 Index,21/01/2022,27/01/2022,16480.5,15833.5,45486180,138,-1837990,,,,,,
6e49c6f6d9_NQ1Ind_412,NASDAQ 100 E-MINI,NQ1 Index,22/02/2022,28/02/2022,15635.5,15539.75,31271000,100,-213145,,,,,,
6e49c6f6d9_NQ1Ind_413,NASDAQ 100 E-MINI,NQ1 Index,08/03/2022,10/03/2022,14958.75,15410.25,32909250,110,1005320,,,,,,
6e49c6f6d9_NQ1Ind_414,NASDAQ 100 E-MINI,NQ1 Index,15/03/2022,16/03/2022,14683.75,15085,32010575,109,858675,,,,,,
6e49c6f6d9_NQ1Ind_415,NASDAQ 100 E-MINI,NQ1 Index,04/04/2022,05/04/2022,16503.5,16795.25,36637770,111,647685,,,,,,
6e49c6f6d9_NQ1Ind_416,NASDAQ 100 E-MINI,NQ1 Index,13/04/2022,20/04/2022,15584.75,15744.5,37403400,120,425440,,,,,,
6e49c6f6d9_NQ1Ind_417,NASDAQ 100 E-MINI,NQ1 Index,25/04/2022,29/04/2022,14993.25,14859.25,38082855,127,-333090,,,,,,
6e49c6f6d9_NQ1Ind_418,NASDAQ 100 E-MINI,NQ1 Index,10/05/2022,16/05/2022,13833.5,14048.75,25730310,93,394485,,,,,,
6e49c6f6d9_NQ1Ind_419,NASDAQ 100 E-MINI,NQ1 Index,23/05/2022,26/05/2022,13480.5,13527.25,23186460,86,80550,,,,,,
6e49c6f6d9_NQ1Ind_420,NASDAQ 100 E-MINI,NQ1 Index,10/06/2022,16/06/2022,13914,13255.5,30610800,110,-1432050,,,,,,
6e49c6f6d9_NQ1Ind_421,NASDAQ 100 E-MINI,NQ1 Index,30/06/2022,06/07/2022,13300.25,13429.5,30058565,113,290225,,,,,,
6e49c6f6d9_NQ1Ind_422,NASDAQ 100 E-MINI,NQ1 Index,14/07/2022,18/07/2022,13371.5,13652.75,33696180,126,808560,,,,,,
6e49c6f6d9_NQ1Ind_423,NASDAQ 100 E-MINI,NQ1 Index,26/07/2022,28/07/2022,13963.75,14189.25,43287625,155,756020,,,,,,
6e49c6f6d9_NQ1Ind_424,NASDAQ 100 E-MINI,NQ1 Index,23/08/2022,26/08/2022,14519,14763,41233960,142,723910,,,,,,
6e49c6f6d9_NQ1Ind_425,NASDAQ 100 E-MINI,NQ1 Index,31/08/2022,07/09/2022,13968,13625.25,40227840,144,-1053420,,,,,,
6e49c6f6d9_NQ1Ind_426,NASDAQ 100 E-MINI,NQ1 Index,03/10/2022,05/10/2022,12570.75,13165.5,35449515,141,1607505,,,,,,
6e49c6f6d9_NQ1Ind_427,NASDAQ 100 E-MINI,NQ1 Index,11/10/2022,14/10/2022,12519.75,12600,32551350,130,359265,,,,,,
6e49c6f6d9_NQ1Ind_428,NASDAQ 100 E-MINI,NQ1 Index,28/10/2022,31/10/2022,12770.5,13127.75,33714120,132,935995,,,,,,
6e49c6f6d9_NQ1Ind_429,NASDAQ 100 E-MINI,NQ1 Index,03/11/2022,08/11/2022,12479.75,12551.25,33445730,134,182995,,,,,,
6e49c6f6d9_NQ1Ind_430,NASDAQ 100 E-MINI,NQ1 Index,29/11/2022,01/12/2022,13151.5,13614.5,32352690,123,1177880,,,,,,
6e49c6f6d9_NQ1Ind_431,NASDAQ 100 E-MINI,NQ1 Index,06/12/2022,09/12/2022,13338.25,13173.75,33879155,127,-407885,,,,,,
6e49c6f6d9_NQ1Ind_432,NASDAQ 100 E-MINI,NQ1 Index,16/12/2022,22/12/2022,12875.5,12775.5,42489150,165,-341900,,,,,,
6e49c6f6d9_NQ1Ind_433,NASDAQ 100 E-MINI,NQ1 Index,05/01/2023,09/01/2023,12417.75,12545,47435805,191,485780,,,,,,
6e49c6f6d9_NQ1Ind_434,NASDAQ 100 E-MINI,NQ1 Index,20/01/2023,23/01/2023,12775,13095.25,52633000,206,1236165,,,,,,
6e49c6f6d9_NQ1Ind_435,NASDAQ 100 E-MINI,NQ1 Index,13/02/2023,14/02/2023,13764.75,13965.75,43221315,157,623100,,,,,,
6e49c6f6d9_NQ1Ind_436,NASDAQ 100 E-MINI,NQ1 Index,22/02/2023,24/02/2023,13515.25,13608.5,40275445,149,287560,,,,,,
6e49c6f6d9_NQ1Ind_437,NASDAQ 100 E-MINI,NQ1 Index,10/03/2023,15/03/2023,13431.5,13617,54263260,202,761085,,,,,,
6e49c6f6d9_NQ1Ind_438,NASDAQ 100 E-MINI,NQ1 Index,06/04/2023,12/04/2023,14367,14361,57180660,199,-74785,,,,,,
6e49c6f6d9_NQ1Ind_439,NASDAQ 100 E-MINI,NQ1 Index,05/05/2023,08/05/2023,14331,14603.25,70221900,245,1219680,,,,,,
6e49c6f6d9_NQ1Ind_440,NASDAQ 100 E-MINI,NQ1 Index,22/06/2023,28/06/2023,16160,16204.25,61408000,190,126825,,,,,,
6e49c6f6d9_NQ1Ind_441,NASDAQ 100 E-MINI,NQ1 Index,24/07/2023,26/07/2023,16656,16846.25,65624640,197,771675,,,,,,
6e49c6f6d9_NQ1Ind_442,NASDAQ 100 E-MINI,NQ1 Index,18/08/2023,22/08/2023,15894,16090.5,64529640,203,900540,,,,,,
6e49c6f6d9_NQ1Ind_443,NASDAQ 100 E-MINI,NQ1 Index,25/08/2023,29/08/2023,15978,16214.75,58159920,182,849065,,,,,,
6e49c6f6d9_NQ1Ind_444,NASDAQ 100 E-MINI,NQ1 Index,11/09/2023,12/09/2023,16415.25,16583.75,64019475,195,636930,,,,,,
6e49c6f6d9_NQ1Ind_445,NASDAQ 100 E-MINI,NQ1 Index,25/09/2023,29/09/2023,15791,15798,59058340,187,29510,,,,,,
6e49c6f6d9_NQ1Ind_446,NASDAQ 100 E-MINI,NQ1 Index,30/11/2023,08/12/2023,16945.25,16941.75,78964865,233,344180,,,,,,
6e49c6f6d9_NQ1Ind_447,NASDAQ 100 E-MINI,NQ1 Index,18/12/2023,19/12/2023,17540,17636.75,110151200,314,597915,,,,,,
6e49c6f6d9_NQ1Ind_448,NASDAQ 100 E-MINI,NQ1 Index,04/01/2024,09/01/2024,17257.75,17507.75," 73,863,170 ", 214 ," 1,101,300 ",1.45, 0.39 , 1.06 , 1.06 ,04/01/2024,
6e49c6f6d9_NQ1Ind_449,NASDAQ 100 E-MINI,NQ1 Index,31/01/2024,05/02/2024,18308.25,18415.75," 72,500,670 ", 198 ," 444,240 ",0.59, 2.45 ,-1.86 ,-0.80 ,01/02/2024,
6e49c6f6d9_NQ1Ind_450,NASDAQ 100 E-MINI,NQ1 Index,21/02/2024,23/02/2024,18327,18743," 68,909,520 ", 188 ," 1,570,390 ",2.27, 3.56 ,-1.29 ,-2.09 ,21/02/2024,
6e49c6f6d9_NQ1Ind_451,NASDAQ 100 E-MINI,NQ1 Index,07/03/2024,08/03/2024,18766.5,19004.25," 61,178,790 ", 163 ," 746,535 ",1.27, 1.25 , 0.02 ,-2.08 ,06/03/2024,
6e49c6f6d9_NQ1Ind_452,NASDAQ 100 E-MINI,NQ1 Index,27/03/2024,03/04/2024,18927.25,18823.25," 67,381,010 ", 178 ,"-382,475 ",-0.55,-1.42 , 0.87 ,-1.21 ,27/03/2024,
6e49c6f6d9_NQ1Ind_453,NASDAQ 100 E-MINI,NQ1 Index,05/04/2024,11/04/2024,18555,18662.25," 72,364,500 ", 195 ," 317,395 ",0.58, na , na ,-1.21 ,na,
6e49c6f6d9_NQ1Ind_454,NASDAQ 100 E-MINI,NQ1 Index,22/04/2024,24/04/2024,17659,18160.25," 64,278,760 ", 182 ," 1,756,365 ",2.84, na , na ,-1.21 ,na,
6e49c6f6d9_NQ1Ind_455,NASDAQ 100 E-MINI,NQ1 Index,02/05/2024,06/05/2024,17916.5,18525.75," 52,674,510 ", 147 ," 1,738,715 ",3.40, 2.82 , 0.58 ,-0.63 ,02/05/2024,06/05/2024
6e49c6f6d9_NQ1Ind_456,NASDAQ 100 E-MINI,NQ1 Index,24/05/2024,29/05/2024,19174.5,19427.75," 76,698,000 ", 200 ," 1,020,045 ",1.32, na , na ,-0.63 ,,
6e49c6f6d9_NQ1Ind_457,NASDAQ 100 E-MINI,NQ1 Index,04/06/2024,06/06/2024,19124.5,19567.75," 93,327,560 ", 244 ," 2,549,175 ",2.32, 1.85 , 0.47 ,-0.16 ,,
6e49c6f6d9_NQ1Ind_458,NASDAQ 100 E-MINI,NQ1 Index,24/06/2024,27/06/2024,20210,20173.25," 89,328,200 ", 221 ,"-152,355 ",-0.18, 0.85 ,-1.03 ,-1.19 ,,
6e49c6f6d9_NQ1Ind_459,NASDAQ 100 E-MINI,NQ1 Index,19/07/2024,23/07/2024,20126.5,20209.25," 59,574,440 ", 148 ," 241,495 ",0.41, na , na ,-1.19 ,,
6e49c6f6d9_NQ1Ind_460,NASDAQ 100 E-MINI,NQ1 Index,26/07/2024,01/08/2024,19219.5,19820.5," 45,358,020 ", 118 ," 1,348,680 ",3.13, 1.73 , 1.40 , 0.21 ,,
6e49c6f6d9_NQ1Ind_461,NASDAQ 100 E-MINI,NQ1 Index,06/08/2024,12/08/2024,18240.5,18817.25," 34,656,950 ", 95 ," 1,076,000 ",3.16, 5.19 ,-2.03 ,-1.82 ,,
6e49c6f6d9_NQ1Ind_462,NASDAQ 100 E-MINI,NQ1 Index,23/08/2024,29/08/2024,19805.5,19444.25," 37,234,340 ", 94 ,"-682,865 ",-1.82, na , na ,-1.82 ,,
6e49c6f6d9_NQ1Ind_463,NASDAQ 100 E-MINI,NQ1 Index,06/09/2024,11/09/2024,19190.75,19064.75," 43,754,910 ", 114 ,"-242,680 ",-0.66, 2.11 ,-2.77 ,-4.59 ,,
